Year,School,SchoolYear,Games,TotalAttendance,AVGPerGame,Capacity,PercentageofCapacity
2019,Air Force,Air Force2019,6,162505,27084,52237,0.518483068
2019,Akron,Akron2019,6,107752,17959,30000,0.598633333
2019,Alabama,Alabama2019,7,707817,101117,101821,0.993085906
2019,Appalachian State,Appalachian State2019,7,166640,23806,24150,0.985755694
2019,Arizona,Arizona2019,6,237194,39532,56037,0.705462462
2019,Arizona State,Arizona State2019,7,344161,49166,56232,0.874342012
2019,Arkansas,Arkansas2019,7,356517,50931,72000,0.707375
2019,Arkansas State,Arkansas State2019,6,124017,20670,30964,0.667549412
2019,Army,Army2019,6,185935,30989,38000,0.8155
2019,Auburn,Auburn2019,7,600355,85765,87451,0.980720632
2019,Ball State,Ball State2019,6,59545,9924,22500,0.441066667
2019,Baylor,Baylor2019,7,318621,45517,45140,1.008351794
2019,Boise State,Boise State2019,7,224490,32070,37000,0.866756757
2019,Boston College,Boston College2019,6,205111,34185,44500,0.768202247
2019,Bowling Green,Bowling Green2019,6,91768,15295,23724,0.644705783
2019,Buffalo,Buffalo2019,6,98504,16417,29013,0.565849791
2019,Brigham Young,Brigham Young2019,6,357281,59547,63725,0.934437034
2019,California,California2019,6,254597,42433,62717,0.676578918
2019,Central Michigan,Central Michigan2019,6,81386,13564,30255,0.448322591
2019,Charlotte,Charlotte2019,6,73915,12319,15314,0.804427321
2019,Cincinnati,Cincinnati2019,6,215908,35985,40000,0.899625
2019,Clemson,Clemson2019,7,566074,80868,81500,0.992245399
2019,Coastal Carolina,Coastal Carolina2019,6,90112,15019,15000,1.001266667
2019,Colorado,Colorado2019,6,297435,49573,53750,0.922288372
2019,Colorado State,Colorado State2019,6,140025,23338,41200,0.566456311
2019,Duke,Duke2019,6,154867,25811,40004,0.645210479
2019,East Carolina,East Carolina2019,6,198804,33134,50000,0.66268
2019,Eastern Michigan,Eastern Michigan2019,5,85127,17025,30200,0.563741722
2019,FIU,FIU2019,6,83242,13874,23500,0.590382979
2019,Florida Atlantic,Florida Atlantic2019,8,140857,17607,30000,0.5869
2019,Florida,Florida2019,6,508103,84684,88548,0.956362651
2019,Florida State,Florida State2019,7,378136,54019,82300,0.65636695
2019,Fresno State,Fresno State2019,6,189310,31552,41031,0.768979552
2019,Georgia Southern,Georgia Southern2019,6,83785,13964,24300,0.574650206
2019,Georgia,Georgia2019,7,649722,92817,92746,1.000765532
2019,Georgia State,Georgia State2019,6,103116,17186,23000,0.747217391
2019,Georgia Tech,Georgia Tech2019,7,312194,44599,55000,0.810890909
2019,Hawaii,Hawaii2019,9,211090,23454,50000,0.46908
2019,Houston,Houston2019,5,127592,25518,40000,0.63795
2019,Illinois,Illinois2019,7,256110,36587,60670,0.603049283
2019,Indiana,Indiana2019,6,247463,41244,52959,0.77879114
2019,Iowa,Iowa2019,7,458897,65557,70585,0.928766735
2019,Iowa State,Iowa State2019,7,418561,59794,61000,0.980229508
2019,Kansas,Kansas2019,7,237122,33875,50071,0.676539314
2019,Kansas State,Kansas State2019,7,341726,48818,50000,0.97636
2019,Kent State,Kent State2019,5,64109,12822,25319,0.506418105
2019,Kentucky,Kentucky2019,8,425023,53128,61000,0.87095082
2019,Louisiana-Monroe,Louisiana-Monroe2019,6,100367,16728,30427,0.549774871
2019,Liberty,Liberty2019,6,109631,18272,25000,0.73088
2019,Louisiana,Louisiana2019,7,127418,18203,31000,0.587193548
2019,Louisiana Tech,Louisiana Tech2019,6,122631,20439,30600,0.667941176
2019,Louisville,Louisville2019,6,299475,49913,55000,0.907509091
2019,LSU,LSU2019,7,705892,100842,100500,1.003402985
2019,Marshall,Marshall2019,7,162329,23190,38019,0.609958179
2019,Maryland,Maryland2019,6,226871,37812,54000,0.700222222
2019,Umass,Umass2019,6,56987,9498,68756,0.138140671
2019,Memphis,Memphis2019,7,271710,38816,62380,0.622250721
2019,Miami (FL),Miami (FL)2019,6,316971,52829,65236,0.8098136
2019,Miami (OH),Miami (OH)2019,5,88969,17794,24286,0.732685498
2019,Michigan,Michigan2019,7,780215,111459,107601,1.035854685
2019,Michigan State,Michigan State2019,7,474731,67819,75005,0.904193054
2019,Middle Tennessee,Middle Tennessee2019,6,85516,14253,31000,0.459774194
2019,Minnesota,Minnesota2019,7,323330,46190,50805,0.909162484
2019,Mississippi State,Mississippi State2019,7,393277,56182,64038,0.87732284
2019,Missouri,Missouri2019,7,379119,54160,71004,0.762773928
2019,Navy,Navy2019,6,191819,31970,34000,0.940294118
2019,NC State,NC State2019,7,395264,56466,57583,0.980601914
2019,Nebraska,Nebraska2019,7,625436,89348,92000,0.971173913
2019,Nevada,Nevada2019,6,97080,16180,29993,0.539459207
2019,New Mexico,New Mexico2019,6,94483,15747,39224,0.40146339
2019,New Mexico State,New Mexico State2019,5,89523,17905,30343,0.590086676
2019,North Carolina,North Carolina2019,6,303000,50500,62980,0.801841855
2019,North Texas,North Texas2019,6,128150,21358,30850,0.692317666
2019,Northern Illinois,Northern Illinois2019,5,42590,8518,24000,0.354916667
2019,Northwestern,Northwestern2019,7,264149,37736,47130,0.800678973
2019,Notre Dame,Notre Dame2019,7,534017,76288,77622,0.982814151
2019,Ohio,Ohio2019,6,99398,16566,24000,0.69025
2019,Ohio State,Ohio State2019,7,723679,103383,104944,0.9851254
2019,Oklahoma,Oklahoma2019,6,499533,83256,84000,0.991142857
2019,Oklahoma State,Oklahoma State2019,6,328902,54817,60218,0.91030921
2019,Old Dominion,Old Dominion2019,6,109402,18234,20118,0.90635252
2019,Ole Miss,Ole Miss2019,7,337631,48233,58580,0.823369751
2019,Oregon,Oregon2019,7,375136,53591,54000,0.992425926
2019,Oregon State,Oregon State2019,6,194546,32424,45674,0.7099006
2019,Penn State,Penn State2019,7,739747,105678,106572,0.991611305
2019,Pittsburgh,Pittsburgh2019,7,303606,43372,65500,0.662167939
2019,Purdue,Purdue2019,7,378147,54021,62500,0.864336
2019,Rice,Rice2019,7,155486,22212,47000,0.472595745
2019,Rutgers,Rutgers2019,7,210573,30082,52454,0.573492965
2019,San Diego State,San Diego State2019,6,179376,29896,70561,0.42369014
2019,San Jose State,San Jose State2019,6,92374,15396,30456,0.505516154
2019,SMU,SMU2019,6,141798,23633,32000,0.73853125
2019,South Alabama,South Alabama2019,6,97933,16322,40646,0.40156473
2019,South Carolina,South Carolina2019,7,545737,77962,80250,0.971489097
2019,South Florida,South Florida2019,7,222759,31823,65857,0.48321363
2019,USC,USC2019,6,356150,59358,93607,0.634119243
2019,Southern Mississippi,Southern Mississippi2019,5,123826,24765,36000,0.687916667
2019,Stanford,Stanford2019,7,259123,37018,50000,0.74036
2019,Syracuse,Syracuse2019,6,252985,42164,49250,0.856121827
2019,TCU,TCU2019,6,257288,42881,45000,0.952911111
2019,Temple,Temple2019,7,206217,29460,68532,0.429872177
2019,Tennessee,Tennessee2019,8,702912,87864,102521,0.857034169
2019,Texas,Texas2019,6,577834,96306,100119,0.961915321
2019,Texas A&M,Texas A&M2019,7,711258,101608,102733,0.989049283
2019,Texas State,Texas State2019,6,102840,17140,30000,0.571333333
2019,Texas Tech,Texas Tech2019,6,320510,53418,60862,0.877690513
2019,Toledo,Toledo2019,6,122393,20399,26248,0.777163974
2019,Troy,Troy2019,6,140996,23499,30000,0.7833
2019,Tulane,Tulane2019,6,121628,20271,30000,0.6757
2019,Tulsa,Tulsa2019,6,112443,18741,35542,0.527291655
2019,UAB,UAB2019,6,148355,24726,71594,0.345364137
2019,UCF,UCF2019,6,262728,43788,45323,0.966131986
2019,UCLA,UCLA2019,6,263092,43849,89702,0.48882968
2019,UConn,UConn2019,6,109297,18216,40000,0.4554
2019,UNLV,UNLV2019,6,119186,19864,36800,0.539782609
2019,Utah,Utah2019,7,325237,46462,45017,1.032098985
2019,Utah State,Utah State2019,6,117655,19609,25513,0.768588563
2019,UTEP,UTEP2019,6,102558,17093,51500,0.331902913
2019,UTSA,UTSA2019,6,119424,19904,65000,0.306215385
2019,Vanderbilt,Vanderbilt2019,7,184016,26288,40550,0.648286067
2019,Virginia,Virginia2019,7,335040,47863,61500,0.778260163
2019,Virginia Tech,Virginia Tech2019,7,408049,58293,66233,0.880120182
2019,Wake Forest,Wake Forest2019,7,188996,26999,31500,0.857111111
2019,Washington,Washington2019,7,477668,68238,70138,0.972910548
2019,Washington State,Washington State2019,6,171247,28541,35117,0.812740268
2019,West Virginia,West Virginia2019,6,335443,55907,60000,0.931783333
2019,Western Kentucky,Western Kentucky2019,6,91148,15191,22113,0.686971465
2019,Western Michigan,Western Michigan2019,6,107619,17937,30200,0.593940397
2019,Wisconsin,Wisconsin2019,7,535301,76472,80321,0.95207978
2019,Wyoming,Wyoming2019,6,138042,23007,29181,0.788423975
2018,Air Force,Air Force2018,6,166205,27701,52237,0.530294619
2018,Akron,Akron2018,5,92575,18515,30000,0.617166667
2018,Alabama,Alabama2018,7,710931,101562,101821,0.99745632
2018,Appalachian State,Appalachian State2018,6,131716,21953,24150,0.909026915
2018,Arizona,Arizona2018,7,318051,45436,56037,0.810821422
2018,Arizona State,Arizona State2018,6,291091,48515,56232,0.862764974
2018,Arkansas,Arkansas2018,7,419186,59884,72000,0.831722222
2018,Arkansas State,Arkansas State2018,6,119001,19834,30964,0.640550316
2018,Army,Army2018,6,190156,31693,38000,0.834026316
2018,Auburn,Auburn2018,7,591236,84462,87451,0.96582086
2018,Ball State,Ball State2018,6,61725,10288,22500,0.457244444
2018,Baylor,Baylor2018,6,248017,41336,45140,0.915728844
2018,Boise State,Boise State2018,7,231474,33068,37000,0.89372973
2018,Boston College,Boston College2018,7,263363,37623,44500,0.845460674
2018,Bowling Green,Bowling Green2018,6,90264,15044,23724,0.63412578
2018,Buffalo,Buffalo2018,6,110280,18380,29013,0.633509117
2018,Brigham Young,Brigham Young2018,6,314855,52476,63725,0.823475873
2018,California,California2018,7,300061,42866,62717,0.683482947
2018,Central Michigan,Central Michigan2018,6,77038,12840,30255,0.424392662
2018,Charlotte,Charlotte2018,6,70263,11711,15314,0.764725088
2018,Cincinnati,Cincinnati2018,6,183112,30519,40000,0.762975
2018,Clemson,Clemson2018,7,562799,80400,81500,0.986503067
2018,Coastal Carolina,Coastal Carolina2018,5,52313,10463,15000,0.697533333
2018,Colorado,Colorado2018,6,274852,45809,53750,0.852260465
2018,Colorado State,Colorado State2018,6,177025,29504,41200,0.716116505
2018,Duke,Duke2018,6,159878,26646,40004,0.666083392
2018,East Carolina,East Carolina2018,7,230356,32908,50000,0.65816
2018,Eastern Michigan,Eastern Michigan2018,6,95632,15939,30200,0.527781457
2018,FIU,FIU2018,7,109797,15685,23500,0.667446809
2018,Florida Atlantic,Florida Atlantic2018,6,102308,17051,30000,0.568366667
2018,Florida,Florida2018,7,576299,82328,88548,0.929755613
2018,Florida State,Florida State2018,7,478013,68288,82300,0.829744836
2018,Fresno State,Fresno State2018,6,189016,31503,41031,0.767785333
2018,Georgia Southern,Georgia Southern2018,6,100814,16802,24300,0.691440329
2018,Georgia,Georgia2018,7,649222,92746,92746,1
2018,Georgia State,Georgia State2018,6,99691,16615,23000,0.722391304
2018,Georgia Tech,Georgia Tech2018,6,258523,43087,55000,0.7834
2018,Hawaii,Hawaii2018,8,205455,25682,50000,0.51364
2018,Houston,Houston2018,6,179029,29838,40000,0.74595
2018,Illinois,Illinois2018,6,216907,36151,60670,0.595862865
2018,Indiana,Indiana2018,7,286753,40965,52959,0.773522914
2018,Iowa,Iowa2018,7,476302,68043,70585,0.963986683
2018,Iowa State,Iowa State2018,7,392072,56010,61000,0.918196721
2018,Kansas,Kansas2018,6,116544,19424,50071,0.387929141
2018,Kansas State,Kansas State2018,7,348165,49738,50000,0.99476
2018,Kent State,Kent State2018,5,65590,13118,25319,0.51810893
2018,Kentucky,Kentucky2018,7,385820,55117,61000,0.903557377
2018,Louisiana-Monroe,Louisiana-Monroe2018,5,71048,14210,30427,0.467019424
2018,Louisiana,Louisiana2018,6,111303,18551,31000,0.598419355
2018,Louisiana Tech,Louisiana Tech2018,5,87623,17525,30600,0.572712418
2018,Louisville,Louisville2018,7,351755,50251,55000,0.913654545
2018,LSU,LSU2018,7,705733,100819,100500,1.003174129
2018,Marshall,Marshall2018,6,144377,24063,38019,0.632920382
2018,Maryland,Maryland2018,6,201562,33594,54000,0.622111111
2018,Umass,Umass2018,6,62312,10385,68756,0.151041364
2018,Memphis,Memphis2018,7,211247,30178,62380,0.483776852
2018,Miami (FL),Miami (FL)2018,6,368814,61469,65236,0.94225581
2018,Miami (OH),Miami (OH)2018,6,85518,14253,24286,0.586881331
2018,Michigan,Michigan2018,7,775156,110737,107601,1.029144711
2018,Michigan State,Michigan State2018,7,508088,72584,75005,0.967722152
2018,Middle Tennessee,Middle Tennessee2018,6,93462,15577,31000,0.502483871
2018,Minnesota,Minnesota2018,7,265407,37915,50805,0.746284814
2018,Mississippi State,Mississippi State2018,7,406401,58057,64038,0.90660233
2018,Missouri,Missouri2018,7,360261,51466,71004,0.724832404
2018,Navy,Navy2018,5,157320,31464,34000,0.925411765
2018,NC State,NC State2018,7,397982,56855,57583,0.98735738
2018,Nebraska,Nebraska2018,7,623240,89034,92000,0.96776087
2018,Nevada,Nevada2018,6,103085,17181,29993,0.572833661
2018,New Mexico,New Mexico2018,6,99523,16587,39224,0.42287885
2018,New Mexico State,New Mexico State2018,5,68529,13706,30343,0.451702205
2018,North Carolina,North Carolina2018,5,218111,43622,62980,0.692632582
2018,North Texas,North Texas2018,6,140131,23355,30850,0.757050243
2018,Northern Illinois,Northern Illinois2018,5,52019,10404,24000,0.4335
2018,Northwestern,Northwestern2018,7,307112,43873,47130,0.930893274
2018,Notre Dame,Notre Dame2018,6,465732,77622,77622,1
2018,Ohio,Ohio2018,6,97374,16229,24000,0.676208333
2018,Ohio State,Ohio State2018,7,713630,101947,104944,0.971441912
2018,Oklahoma,Oklahoma2018,7,607146,86735,84000,1.032559524
2018,Oklahoma State,Oklahoma State2018,7,374793,53542,60218,0.889136139
2018,Old Dominion,Old Dominion2018,6,117798,19633,20118,0.975892236
2018,Ole Miss,Ole Miss2018,7,389794,55685,58580,0.950580403
2018,Oregon,Oregon2018,7,371114,53016,54000,0.981777778
2018,Oregon State,Oregon State2018,6,211252,35209,45674,0.77087621
2018,Penn State,Penn State2018,7,738396,105485,106572,0.989800323
2018,Pittsburgh,Pittsburgh2018,6,250178,41696,65500,0.636580153
2018,Purdue,Purdue2018,7,357839,51120,62500,0.81792
2018,Rice,Rice2018,6,121029,20172,47000,0.429191489
2018,Rutgers,Rutgers2018,7,264596,37799,52454,0.720612346
2018,San Diego State,San Diego State2018,7,220071,31439,70561,0.445557744
2018,San Jose State,San Jose State2018,5,71276,14255,30456,0.468052272
2018,SMU,SMU2018,6,116299,19383,32000,0.60571875
2018,South Alabama,South Alabama2018,6,96383,16064,40646,0.395217242
2018,South Carolina,South Carolina2018,7,515396,73628,80250,0.917482866
2018,South Florida,South Florida2018,6,231102,38517,65857,0.584858102
2018,USC,USC2018,6,332692,55449,93607,0.592359546
2018,Southern Mississippi,Southern Mississippi2018,6,129690,21615,36000,0.600416667
2018,Stanford,Stanford2018,6,227052,37842,50000,0.75684
2018,Syracuse,Syracuse2018,6,222260,37043,49250,0.752142132
2018,TCU,TCU2018,6,257205,42868,45000,0.952622222
2018,Temple,Temple2018,6,170821,28470,68532,0.41542637
2018,Tennessee,Tennessee2018,7,650887,92984,102521,0.906975156
2018,Texas,Texas2018,6,586277,97713,100119,0.975968597
2018,Texas A&M,Texas A&M2018,7,698908,99844,102733,0.971878559
2018,Texas State,Texas State2018,6,78689,13115,30000,0.437166667
2018,Texas Tech,Texas Tech2018,6,336203,56034,60862,0.920672998
2018,Toledo,Toledo2018,7,149462,21352,26248,0.813471503
2018,Troy,Troy2018,6,147160,24527,30000,0.817566667
2018,Tulane,Tulane2018,6,108090,18015,30000,0.6005
2018,Tulsa,Tulsa2018,6,102590,17098,35542,0.481064656
2018,UAB,UAB2018,6,145747,24291,71594,0.339288209
2018,UCF,UCF2018,8,352148,44019,45323,0.971228736
2018,UCLA,UCLA2018,7,358147,51164,89702,0.570377472
2018,UConn,UConn2018,6,125543,20924,40000,0.5231
2018,UNLV,UNLV2018,6,100935,16823,36800,0.457146739
2018,Utah,Utah2018,6,277992,46332,45017,1.029211187
2018,Utah State,Utah State2018,6,112302,18717,25513,0.733625995
2018,UTEP,UTEP2018,6,84931,14155,51500,0.274854369
2018,UTSA,UTSA2018,6,148257,24710,65000,0.380153846
2018,Vanderbilt,Vanderbilt2018,7,196313,28045,40550,0.69161529
2018,Virginia,Virginia2018,6,238232,39705,61500,0.645609756
2018,Virginia Tech,Virginia Tech2018,7,417019,59574,66233,0.899460994
2018,Wake Forest,Wake Forest2018,7,187892,26842,31500,0.852126984
2018,Washington,Washington2018,6,414405,69068,70138,0.984744361
2018,Washington State,Washington State2018,7,210637,30091,35117,0.856878435
2018,West Virginia,West Virginia2018,6,348947,58158,60000,0.9693
2018,Western Kentucky,Western Kentucky2018,5,71157,14231,22113,0.643558088
2018,Western Michigan,Western Michigan2018,6,109756,18293,30200,0.605728477
2018,Wisconsin,Wisconsin2018,7,540072,77153,80321,0.96055826
2018,Wyoming,Wyoming2018,6,113277,18880,29181,0.646996333
2017,Air Force,Air Force2017,6,174924,29154,52237,0.558110152
2017,Akron,Akron2017,6,117416,19569,30000,0.6523
2017,Alabama,Alabama2017,7,712053,101722,101821,0.999027705
2017,Appalachian State,Appalachian State2017,6,154722,25787,24150,1.067784679
2017,Arizona,Arizona2017,6,255791,42632,56037,0.760783054
2017,Arizona State,Arizona State2017,7,359660,51380,56232,0.913714611
2017,Arkansas,Arkansas2017,7,442569,63224,72000,0.878111111
2017,Arkansas State,Arkansas State2017,5,119538,23908,30964,0.772122465
2017,Army,Army2017,6,185543,30924,38000,0.813789474
2017,Auburn,Auburn2017,7,605120,86446,87451,0.98850785
2017,Ball State,Ball State2017,6,59395,9899,22500,0.439955556
2017,Baylor,Baylor2017,6,262978,43830,45140,0.970979176
2017,Boise State,Boise State2017,7,217881,31126,37000,0.841243243
2017,Boston College,Boston College2017,6,215546,35924,44500,0.807280899
2017,Bowling Green,Bowling Green2017,5,79405,15881,23724,0.669406508
2017,Buffalo,Buffalo2017,6,80102,13350,29013,0.460138559
2017,Brigham Young,Brigham Young2017,6,337599,56267,63725,0.882965869
2017,California,California2017,6,219290,36548,62717,0.58274471
2017,Central Michigan,Central Michigan2017,5,67520,13504,30255,0.446339448
2017,Charlotte,Charlotte2017,6,71420,11903,15314,0.777262635
2017,Cincinnati,Cincinnati2017,6,170603,28434,40000,0.71085
2017,Clemson,Clemson2017,7,565412,80773,81500,0.991079755
2017,Colorado,Colorado2017,6,282335,47056,53750,0.875460465
2017,Colorado State,Colorado State2017,6,192369,32062,41200,0.778203883
2017,Duke,Duke2017,7,187581,26797,40004,0.669858014
2017,East Carolina,East Carolina2017,7,257090,36727,50000,0.73454
2017,Eastern Michigan,Eastern Michigan2017,5,73649,14730,30200,0.487748344
2017,FIU,FIU2017,7,100002,14286,23500,0.607914894
2017,Florida Atlantic,Florida Atlantic2017,8,151580,18948,30000,0.6316
2017,Florida,Florida2017,6,520290,86715,88548,0.979299363
2017,Florida State,Florida State2017,6,425658,70943,82300,0.86200486
2017,Fresno State,Fresno State2017,6,183789,30632,41031,0.746557481
2017,Georgia Southern,Georgia Southern2017,4,61031,15258,24300,0.627901235
2017,Georgia,Georgia2017,6,556476,92746,92746,1
2017,Georgia State,Georgia State2017,5,79163,15833,23000,0.688391304
2017,Georgia Tech,Georgia Tech2017,6,281310,46885,55000,0.852454545
2017,Hawaii,Hawaii2017,6,145463,24244,50000,0.48488
2017,Houston,Houston2017,6,195499,32583,40000,0.814575
2017,Idaho,Idaho2017,6,63197,10533,16000,0.6583125
2017,Illinois,Illinois2017,7,276003,39429,60670,0.649892863
2017,Indiana,Indiana2017,6,263715,43953,52959,0.829943919
2017,Iowa,Iowa2017,7,464357,66337,70585,0.939817242
2017,Iowa State,Iowa State2017,6,347586,57931,61000,0.949688525
2017,Kansas,Kansas2017,7,186490,26641,50071,0.532064468
2017,Kansas State,Kansas State2017,7,359107,51301,50000,1.02602
2017,Kent State,Kent State2017,5,65924,13185,25319,0.520755164
2017,Kentucky,Kentucky2017,7,395276,56468,61000,0.925704918
2017,Louisiana-Monroe,Louisiana-Monroe2017,5,49640,9928,30427,0.326289151
2017,Louisiana,Louisiana2017,5,78754,15751,31000,0.508096774
2017,Louisiana Tech,Louisiana Tech2017,7,142626,20375,30600,0.665849673
2017,Louisville,Louisville2017,6,276957,46160,55000,0.839272727
2017,LSU,LSU2017,6,591034,98506,100500,0.980159204
2017,Marshall,Marshall2017,6,130447,21741,38019,0.571845656
2017,Maryland,Maryland2017,6,237859,39643,54000,0.73412963
2017,Umass,Umass2017,6,64242,10707,68756,0.155724591
2017,Memphis,Memphis2017,8,290416,36302,62380,0.581949343
2017,Miami (FL),Miami (FL)2017,8,469454,58682,65236,0.899534
2017,Miami (OH),Miami (OH)2017,6,98666,16444,24286,0.677097916
2017,Michigan,Michigan2017,6,669534,111589,107601,1.037062853
2017,Michigan State,Michigan State2017,7,507398,72485,75005,0.96640224
2017,Middle Tennessee,Middle Tennessee2017,6,93718,15620,31000,0.503870968
2017,Minnesota,Minnesota2017,7,310506,44358,50805,0.873103041
2017,Mississippi State,Mississippi State2017,7,406703,58100,64038,0.907273806
2017,Missouri,Missouri2017,7,360429,51490,71004,0.725170413
2017,Navy,Navy2017,6,209701,34950,34000,1.027941176
2017,NC State,NC State2017,6,341100,56850,57583,0.987270549
2017,Nebraska,Nebraska2017,7,628583,89798,92000,0.976065217
2017,Nevada,Nevada2017,6,100329,16722,29993,0.55753009
2017,New Mexico,New Mexico2017,6,127161,21194,39224,0.54033245
2017,New Mexico State,New Mexico State2017,5,91195,18239,30343,0.601094157
2017,North Carolina,North Carolina2017,7,350500,50071,62980,0.795030168
2017,North Texas,North Texas2017,6,134174,22362,30850,0.724862237
2017,Northern Illinois,Northern Illinois2017,6,67748,11291,24000,0.470458333
2017,Northwestern,Northwestern2017,7,250969,35853,47130,0.760725652
2017,Notre Dame,Notre Dame2017,7,543354,77622,77622,1
2017,Ohio,Ohio2017,6,116325,19388,24000,0.807833333
2017,Ohio State,Ohio State2017,7,752464,107495,104944,1.024308202
2017,Oklahoma,Oklahoma2017,6,519119,86520,84000,1.03
2017,Oklahoma State,Oklahoma State2017,6,340740,56790,60218,0.9430735
2017,Old Dominion,Old Dominion2017,6,120708,20118,20118,1
2017,Ole Miss,Ole Miss2017,7,410414,58631,58580,1.000870604
2017,Oregon,Oregon2017,7,388381,55483,54000,1.027462963
2017,Oregon State,Oregon State2017,6,208524,34754,45674,0.760914306
2017,Penn State,Penn State2017,7,746946,106707,106572,1.001266749
2017,Pittsburgh,Pittsburgh2017,7,254062,36295,65500,0.554122137
2017,Purdue,Purdue2017,6,287303,47884,62500,0.766144
2017,Rice,Rice2017,5,96770,19354,47000,0.411787234
2017,Rutgers,Rutgers2017,7,278245,39749,52454,0.757787776
2017,San Diego State,San Diego State2017,7,275428,39347,70561,0.557630986
2017,San Jose State,San Jose State2017,6,85235,14206,30456,0.466443394
2017,SMU,SMU2017,7,139609,19944,32000,0.62325
2017,South Alabama,South Alabama2017,6,104070,17345,40646,0.426733258
2017,South Carolina,South Carolina2017,7,550099,78586,80250,0.979264798
2017,South Florida,South Florida2017,6,188408,31401,65857,0.476805807
2017,USC,USC2017,7,508781,72683,93607,0.776469708
2017,Southern Mississippi,Southern Mississippi2017,6,130265,21711,36000,0.603083333
2017,Stanford,Stanford2017,6,284388,47398,50000,0.94796
2017,Syracuse,Syracuse2017,7,237504,33929,49250,0.688913706
2017,TCU,TCU2017,6,264481,44080,45000,0.979555556
2017,Temple,Temple2017,6,163905,27318,68532,0.398616705
2017,Tennessee,Tennessee2017,7,670454,95779,102521,0.934237863
2017,Texas,Texas2017,6,556667,92778,100119,0.926677254
2017,Texas A&M,Texas A&M2017,7,691612,98802,102733,0.961735762
2017,Texas State,Texas State2017,6,104680,17447,30000,0.581566667
2017,Texas Tech,Texas Tech2017,6,330390,55065,60862,0.904751733
2017,Toledo,Toledo2017,6,124470,20745,26248,0.790345931
2017,Troy,Troy2017,6,146737,24456,30000,0.8152
2017,Tulane,Tulane2017,6,101634,16939,30000,0.564633333
2017,Tulsa,Tulsa2017,6,110751,18459,35542,0.51935738
2017,UAB,UAB2017,6,158252,26375,71594,0.368396793
2017,UCF,UCF2017,7,257924,36846,45323,0.81296472
2017,UCLA,UCLA2017,6,336262,56044,89702,0.624779827
2017,UConn,UConn2017,6,122007,20335,40000,0.508375
2017,UNLV,UNLV2017,6,104692,17449,36800,0.474157609
2017,Utah,Utah2017,7,321390,45913,45017,1.019903592
2017,Utah State,Utah State2017,6,120650,20108,25513,0.788147219
2017,UTEP,UTEP2017,5,97740,19548,51500,0.379572816
2017,UTSA,UTSA2017,5,114104,22821,65000,0.351092308
2017,Vanderbilt,Vanderbilt2017,7,219390,31341,40550,0.772897657
2017,Virginia,Virginia2017,7,275788,39398,61500,0.640617886
2017,Virginia Tech,Virginia Tech2017,6,379284,63214,66233,0.954418492
2017,Wake Forest,Wake Forest2017,6,170614,28436,31500,0.902730159
2017,Washington,Washington2017,7,481755,68822,70138,0.98123699
2017,Washington State,Washington State2017,7,223875,31982,35117,0.910726998
2017,West Virginia,West Virginia2017,6,335678,55946,60000,0.932433333
2017,Western Kentucky,Western Kentucky2017,6,94234,15706,22113,0.710260932
2017,Western Michigan,Western Michigan2017,6,95314,15886,30200,0.52602649
2017,Wisconsin,Wisconsin2017,7,551766,78824,80321,0.981362284
2017,Wyoming,Wyoming2017,7,144299,20614,29181,0.70641856
2016,Air Force,Air Force2016,6,177519,29587,52237,0.566399296
2016,Akron,Akron2016,6,62021,10337,30000,0.344566667
2016,Alabama,Alabama2016,7,712747,101821,101821,1
2016,Appalachian State,Appalachian State2016,6,156916,26153,24150,1.082939959
2016,Arizona,Arizona2016,7,338017,48288,56037,0.861716366
2016,Arizona State,Arizona State2016,6,286417,47736,56232,0.848911652
2016,Arkansas,Arkansas2016,7,487067,69581,72000,0.966402778
2016,Arkansas State,Arkansas State2016,6,136200,22700,30964,0.733109417
2016,Army,Army2016,5,163267,32653,38000,0.859289474
2016,Auburn,Auburn2016,8,695498,86937,87451,0.994122423
2016,Ball State,Ball State2016,5,38946,7789,22500,0.346177778
2016,Baylor,Baylor2016,6,275029,45838,45140,1.015463004
2016,Boise State,Boise State2016,6,205640,34273,37000,0.926297297
2016,Boston College,Boston College2016,6,192942,32157,44500,0.722629213
2016,Bowling Green,Bowling Green2016,6,90838,15140,23724,0.638172315
2016,Buffalo,Buffalo2016,6,104957,17493,29013,0.602936615
2016,Brigham Young,Brigham Young2016,6,351413,58569,63725,0.919089839
2016,California,California2016,6,279769,46628,62717,0.743466684
2016,Central Michigan,Central Michigan2016,6,104447,17408,30255,0.575375971
2016,Charlotte,Charlotte2016,6,85154,14192,15314,0.926733708
2016,Cincinnati,Cincinnati2016,7,235095,33585,40000,0.839625
2016,Clemson,Clemson2016,7,566787,80970,81500,0.993496933
2016,Colorado,Colorado2016,6,279652,46609,53750,0.867144186
2016,Colorado State,Colorado State2016,6,165598,27600,41200,0.669902913
2016,Duke,Duke2016,6,179369,29895,40004,0.74730027
2016,East Carolina,East Carolina2016,6,264680,44113,50000,0.88226
2016,Eastern Michigan,Eastern Michigan2016,6,106064,17677,30200,0.585331126
2016,FIU,FIU2016,7,117526,16789,23500,0.714425532
2016,Florida Atlantic,Florida Atlantic2016,6,60437,10073,30000,0.335766667
2016,Florida,Florida2016,5,439229,87846,88548,0.992072096
2016,Florida State,Florida State2016,6,460801,76800,82300,0.933171324
2016,Fresno State,Fresno State2016,6,152960,25493,41031,0.621310716
2016,Georgia Southern,Georgia Southern2016,5,104095,20819,24300,0.856748971
2016,Georgia,Georgia2016,6,556476,92746,92746,1
2016,Georgia State,Georgia State2016,6,90617,15103,23000,0.656652174
2016,Georgia Tech,Georgia Tech2016,7,332518,47503,55000,0.863690909
2016,Hawaii,Hawaii2016,7,170299,24328,50000,0.48656
2016,Houston,Houston2016,6,233716,38953,40000,0.973825
2016,Idaho,Idaho2016,5,55948,11190,16000,0.699375
2016,Illinois,Illinois2016,7,319505,45644,60670,0.752332289
2016,Indiana,Indiana2016,7,301190,43027,52959,0.812458694
2016,Iowa,Iowa2016,7,487591,69656,70585,0.986838563
2016,Iowa State,Iowa State2016,7,367899,52557,61000,0.861590164
2016,Kansas,Kansas2016,6,154969,25828,50071,0.515827525
2016,Kansas State,Kansas State2016,6,311512,51919,50000,1.03838
2016,Kent State,Kent State2016,6,65387,10898,25319,0.430427742
2016,Kentucky,Kentucky2016,7,375500,53643,61000,0.879393443
2016,Louisiana-Monroe,Louisiana-Monroe2016,5,67057,13411,30427,0.440759851
2016,Louisiana,Louisiana2016,6,121346,20224,31000,0.652387097
2016,Louisiana Tech,Louisiana Tech2016,5,102059,20412,30600,0.667058824
2016,Louisville,Louisville2016,6,324391,54065,55000,0.983
2016,LSU,LSU2016,7,708618,101231,100500,1.007273632
2016,Marshall,Marshall2016,7,173319,24760,38019,0.651253321
2016,Maryland,Maryland2016,6,237690,39615,54000,0.733611111
2016,Umass,Umass2016,6,87059,14510,68756,0.211036128
2016,Memphis,Memphis2016,7,261419,37346,62380,0.598685476
2016,Miami (FL),Miami (FL)2016,6,351434,58572,65236,0.897847814
2016,Miami (OH),Miami (OH)2016,6,102657,17110,24286,0.704521123
2016,Michigan,Michigan2016,8,883741,110468,107601,1.026644734
2016,Michigan State,Michigan State2016,7,522666,74667,75005,0.995493634
2016,Middle Tennessee,Middle Tennessee2016,5,86215,17243,31000,0.556225806
2016,Minnesota,Minnesota2016,7,306697,43814,50805,0.862395434
2016,Mississippi State,Mississippi State2016,6,349904,58317,64038,0.910662419
2016,Missouri,Missouri2016,7,365651,52236,71004,0.735676863
2016,Navy,Navy2016,6,189425,31571,34000,0.928558824
2016,Nebraska,Nebraska2016,7,631402,90200,92000,0.980434783
2016,Nevada,Nevada2016,6,111003,18501,29993,0.61684393
2016,New Mexico,New Mexico2016,7,141938,20277,39224,0.516953906
2016,New Mexico State,New Mexico State2016,5,47725,9545,30343,0.314570082
2016,North Carolina,North Carolina2016,6,301500,50250,62980,0.79787234
2016,NC State,NC State2016,7,402479,57497,57583,0.998506504
2016,North Texas,North Texas2016,6,119269,19878,30850,0.644343598
2016,Northern Illinois,Northern Illinois2016,5,55095,11019,24000,0.459125
2016,Northwestern,Northwestern2016,7,243586,34798,47130,0.73834076
2016,Notre Dame,Notre Dame2016,6,484770,80795,77622,1.040877586
2016,Ohio,Ohio2016,6,127139,21190,24000,0.882916667
2016,Ohio State,Ohio State2016,7,750944,107278,104944,1.022240433
2016,Oklahoma,Oklahoma2016,6,521142,86857,84000,1.034011905
2016,Oklahoma State,Oklahoma State2016,7,376695,53814,60218,0.893653061
2016,Old Dominion,Old Dominion2016,6,120708,20118,20118,1
2016,Ole Miss,Ole Miss2016,7,454368,64910,58580,1.108057357
2016,Oregon,Oregon2016,6,328062,54677,54000,1.012537037
2016,Oregon State,Oregon State2016,7,263357,37622,45674,0.823707142
2016,Penn State,Penn State2016,7,701800,100257,106572,0.940744286
2016,Pittsburgh,Pittsburgh2016,7,322531,46076,65500,0.703450382
2016,Purdue,Purdue2016,7,241158,34451,62500,0.551216
2016,Rice,Rice2016,6,128551,21425,47000,0.455851064
2016,Rutgers,Rutgers2016,7,313629,44804,52454,0.854157929
2016,San Diego State,San Diego State2016,6,223735,37289,70561,0.528464733
2016,San Jose State,San Jose State2016,6,92515,15419,30456,0.506271342
2016,SMU,SMU2016,6,142272,23712,32000,0.741
2016,South Alabama,South Alabama2016,7,113749,16250,40646,0.399793338
2016,South Carolina,South Carolina2016,7,538441,76920,80250,0.958504673
2016,South Florida,South Florida2016,7,262772,37539,65857,0.570007744
2016,USC,USC2016,6,410755,68459,93607,0.731344878
2016,Southern Mississippi,Southern Mississippi2016,6,171525,28588,36000,0.794111111
2016,Stanford,Stanford2016,6,264853,44142,50000,0.88284
2016,Syracuse,Syracuse2016,6,196828,32805,49250,0.666091371
2016,TCU,TCU2016,7,316179,45168,45000,1.003733333
2016,Temple,Temple2016,7,190574,27225,68532,0.397259674
2016,Tennessee,Tennessee2016,7,706776,100968,102521,0.984851884
2016,Texas,Texas2016,6,587283,97881,100119,0.977646601
2016,Texas A&M,Texas A&M2016,7,713418,101917,102733,0.99205708
2016,Texas State,Texas State2016,6,108717,18120,30000,0.604
2016,Texas Tech,Texas Tech2016,6,349498,58250,60862,0.957083237
2016,Toledo,Toledo2016,6,123766,20628,26248,0.785888449
2016,Troy,Troy2016,6,135203,22534,30000,0.751133333
2016,Tulane,Tulane2016,6,136310,22718,30000,0.757266667
2016,Tulsa,Tulsa2016,6,115404,19234,35542,0.541162568
2016,UCF,UCF2016,6,214814,35802,45323,0.789930058
2016,UCLA,UCLA2016,6,404751,67459,89702,0.752034514
2016,UConn,UConn2016,7,187569,26796,40000,0.6699
2016,UNLV,UNLV2016,6,110336,18389,36800,0.499701087
2016,Utah,Utah2016,6,279038,46506,45017,1.033076393
2016,Utah State,Utah State2016,6,114814,19136,25513,0.750048995
2016,UTEP,UTEP2016,7,161004,23001,51500,0.446621359
2016,UTSA,UTSA2016,6,138226,23038,65000,0.354430769
2016,Vanderbilt,Vanderbilt2016,6,187451,31242,40550,0.770456227
2016,Virginia,Virginia2016,6,239576,39929,61500,0.649252033
2016,Virginia Tech,Virginia Tech2016,6,378259,63043,66233,0.951836698
2016,Wake Forest,Wake Forest2016,7,185192,26456,31500,0.839873016
2016,Washington,Washington2016,7,452123,64589,70138,0.920884542
2016,Washington State,Washington State2016,7,221722,31675,35117,0.901984794
2016,West Virginia,West Virginia2016,7,403084,57583,60000,0.959716667
2016,Western Kentucky,Western Kentucky2016,7,123935,17705,22113,0.800660245
2016,Western Michigan,Western Michigan2016,6,143025,23838,30200,0.789337748
2016,Wisconsin,Wisconsin2016,6,476144,79357,80321,0.987998157
2016,Wyoming,Wyoming2016,7,148860,21266,29181,0.728761866
2015,Air Force,Air Force2015,6,156158,26026,52237,0.498229224
2015,Akron,Akron2015,6,108588,18098,30000,0.603266667
2015,Alabama,Alabama2015,7,707786,101112,101821,0.9930368
2015,Appalachian State,Appalachian State2015,6,128755,21459,24150,0.888571429
2015,Arizona,Arizona2015,6,308355,51393,56037,0.917126184
2015,Arizona State,Arizona State2015,7,368985,52712,56232,0.937402191
2015,Arkansas,Arkansas2015,7,471279,67326,72000,0.935083333
2015,Arkansas State,Arkansas State2015,6,138043,23007,30964,0.743024157
2015,Army,Army2015,6,185946,30991,38000,0.815552632
2015,Auburn,Auburn2015,7,612157,87451,87451,1
2015,Ball State,Ball State2015,6,47841,7974,22500,0.3544
2015,Baylor,Baylor2015,6,276960,46160,45140,1.022596367
2015,Boise State,Boise State2015,6,201669,33612,37000,0.908432432
2015,Boston College,Boston College2015,7,211433,30205,44500,0.678764045
2015,Bowling Green,Bowling Green2015,5,98042,19608,23724,0.826504805
2015,Buffalo,Buffalo2015,6,110743,18457,29013,0.636163099
2015,Brigham Young,Brigham Young2015,6,351191,58532,63725,0.918509219
2015,California,California2015,6,292797,48800,62717,0.778098442
2015,Central Michigan,Central Michigan2015,6,94029,15672,30255,0.517997025
2015,Cincinnati,Cincinnati2015,6,222578,37096,40000,0.9274
2015,Clemson,Clemson2015,7,588266,84038,81500,1.031141104
2015,Colorado,Colorado2015,6,236331,39389,53750,0.732818605
2015,Colorado State,Colorado State2015,6,149500,24917,41200,0.604781553
2015,Duke,Duke2015,6,158562,26427,40004,0.660608939
2015,East Carolina,East Carolina2015,6,259645,43274,50000,0.86548
2015,Eastern Michigan,Eastern Michigan2015,6,29381,4897,30200,0.162152318
2015,FIU,FIU2015,5,76907,15381,23500,0.654510638
2015,Florida Atlantic,Florida Atlantic2015,6,105703,17617,30000,0.587233333
2015,Florida,Florida2015,7,630457,90065,88548,1.017131951
2015,Florida State,Florida State2015,7,512534,73219,82300,0.889659781
2015,Fresno State,Fresno State2015,6,174217,29036,41031,0.707660062
2015,Georgia Southern,Georgia Southern2015,6,124681,20780,24300,0.855144033
2015,Georgia,Georgia2015,7,649222,92746,92746,1
2015,Georgia State,Georgia State2015,6,62081,10347,23000,0.449869565
2015,Georgia Tech,Georgia Tech2015,7,354946,50707,55000,0.921945455
2015,Hawaii,Hawaii2015,7,164031,23433,50000,0.46866
2015,Houston,Houston2015,8,271836,33980,40000,0.8495
2015,Idaho,Idaho2015,6,69915,11653,16000,0.7283125
2015,Illinois,Illinois2015,7,289397,41342,60670,0.681424098
2015,Indiana,Indiana2015,7,310195,44314,52959,0.836760513
2015,Iowa,Iowa2015,7,441992,63142,70585,0.894552667
2015,Iowa State,Iowa State2015,6,339113,56519,61000,0.926540984
2015,Kansas,Kansas2015,7,190972,27282,50071,0.54486629
2015,Kansas State,Kansas State2015,7,371698,53100,50000,1.062
2015,Kent State,Kent State2015,6,75366,12561,25319,0.496109641
2015,Kentucky,Kentucky2015,8,490361,61295,61000,1.004836066
2015,Louisiana,Louisiana2015,6,129577,21596,31000,0.696645161
2015,Louisiana-Monroe,Louisiana-Monroe2015,5,58659,11732,30427,0.385578598
2015,Louisiana Tech,Louisiana Tech2015,6,125863,20977,30600,0.685522876
2015,Louisville,Louisville2015,6,294413,49069,55000,0.892163636
2015,LSU,LSU2015,6,612026,102004,100500,1.014965174
2015,Marshall,Marshall2015,6,157930,26322,38019,0.692338042
2015,Maryland,Maryland2015,7,310389,44341,54000,0.82112963
2015,Umass,Umass2015,6,66743,11124,68756,0.161789517
2015,Memphis,Memphis2015,6,262811,43802,62380,0.702180186
2015,Miami (FL),Miami (FL)2015,6,285363,47561,65236,0.729060641
2015,Miami (OH),Miami (OH)2015,6,94241,15707,24286,0.646751215
2015,Michigan,Michigan2015,7,771174,110168,107601,1.023856656
2015,Michigan State,Michigan State2015,7,522628,74661,75005,0.995413639
2015,Middle Tennessee,Middle Tennessee2015,6,103258,17210,31000,0.55516129
2015,Minnesota,Minnesota2015,7,366484,52355,50805,1.030508808
2015,Mississippi State,Mississippi State2015,7,432490,61784,64038,0.964802149
2015,Missouri,Missouri2015,6,390720,65120,71004,0.917131429
2015,Navy,Navy2015,7,226366,32338,34000,0.951117647
2015,Nebraska,Nebraska2015,7,629983,89998,92000,0.97823913
2015,Nevada,Nevada2015,6,133022,22170,29993,0.739172474
2015,New Mexico,New Mexico2015,8,188224,23528,39224,0.599836835
2015,New Mexico State,New Mexico State2015,5,87429,17486,30343,0.576277889
2015,North Carolina,North Carolina2015,7,347500,49643,62980,0.78823436
2015,NC State,NC State2015,6,341928,56988,57583,0.989667089
2015,North Texas,North Texas2015,5,68155,13631,30850,0.44184765
2015,Northern Illinois,Northern Illinois2015,6,83649,13942,24000,0.580916667
2015,Northwestern,Northwestern2015,7,233560,33366,47130,0.707956715
2015,Notre Dame,Notre Dame2015,6,484770,80795,77622,1.040877586
2015,Ohio,Ohio2015,6,127938,21323,24000,0.888458333
2015,Ohio State,Ohio State2015,7,750705,107244,104944,1.021916451
2015,Oklahoma,Oklahoma2015,6,512139,85357,84000,1.016154762
2015,Oklahoma State,Oklahoma State2015,7,403678,57668,60218,0.957653858
2015,Old Dominion,Old Dominion2015,7,140826,20118,20118,1
2015,Ole Miss,Ole Miss2015,7,423355,60479,58580,1.032417207
2015,Oregon,Oregon2015,7,403419,57631,54000,1.067240741
2015,Oregon State,Oregon State2015,6,216476,36079,45674,0.789924246
2015,Penn State,Penn State2015,7,698590,99799,106572,0.936446721
2015,Pittsburgh,Pittsburgh2015,6,288900,48150,65500,0.735114504
2015,Purdue,Purdue2015,7,262559,37508,62500,0.600128
2015,Rice,Rice2015,6,116034,19339,47000,0.411468085
2015,Rutgers,Rutgers2015,7,334061,47723,52454,0.909806688
2015,San Diego State,San Diego State2015,7,203459,29066,70561,0.411927269
2015,San Jose State,San Jose State2015,6,91869,15312,30456,0.502758077
2015,SMU,SMU2015,7,147301,21043,32000,0.65759375
2015,South Alabama,South Alabama2015,6,96234,16039,40646,0.394602175
2015,South Carolina,South Carolina2015,6,472934,78822,80250,0.982205607
2015,South Florida,South Florida2015,6,159468,26578,65857,0.403571374
2015,USC,USC2015,7,527506,75358,93607,0.805046631
2015,Southern Mississippi,Southern Mississippi2015,6,170007,28335,36000,0.787083333
2015,Stanford,Stanford2015,7,349417,49917,50000,0.99834
2015,Syracuse,Syracuse2015,7,224717,32102,49250,0.651817259
2015,TCU,TCU2015,6,280604,46767,45000,1.039266667
2015,Temple,Temple2015,6,264951,44159,68532,0.644355921
2015,Tennessee,Tennessee2015,7,704088,100584,102521,0.98110631
2015,Texas,Texas2015,6,540210,90035,100119,0.899279857
2015,Texas A&M,Texas A&M2015,7,725354,103622,102733,1.0086535
2015,Texas State,Texas State2015,6,108998,18166,30000,0.605533333
2015,Texas Tech,Texas Tech2015,6,338042,56340,60862,0.925700766
2015,Toledo,Toledo2015,6,125051,20842,26248,0.794041451
2015,Troy,Troy2015,5,96993,19399,30000,0.646633333
2015,Tulane,Tulane2015,6,137577,22930,30000,0.764333333
2015,Tulsa,Tulsa2015,6,117730,19622,35542,0.55207923
2015,UCF,UCF2015,6,180388,30065,45323,0.663349734
2015,UCLA,UCLA2015,6,401149,66858,89702,0.745334552
2015,UConn,UConn2015,6,169343,28224,40000,0.7056
2015,UNLV,UNLV2015,6,116228,19371,36800,0.52638587
2015,Utah,Utah2015,7,325732,46533,45017,1.033676167
2015,Utah State,Utah State2015,6,128172,21362,25513,0.837298632
2015,UTEP,UTEP2015,5,116058,23212,51500,0.450718447
2015,UTSA,UTSA2015,6,138048,23008,65000,0.353969231
2015,Vanderbilt,Vanderbilt2015,6,192802,32134,40550,0.792453761
2015,Virginia,Virginia2015,7,302994,43285,61500,0.703821138
2015,Virginia Tech,Virginia Tech2015,6,364942,60824,66233,0.918333761
2015,Wake Forest,Wake Forest2015,6,160043,26674,31500,0.846793651
2015,Washington,Washington2015,7,433432,61919,70138,0.882816733
2015,Washington State,Washington State2015,6,176444,29407,35117,0.837400689
2015,West Virginia,West Virginia2015,7,383779,54826,60000,0.913766667
2015,Western Kentucky,Western Kentucky2015,6,107759,17960,22113,0.812191923
2015,Western Michigan,Western Michigan2015,6,116646,19441,30200,0.643741722
2015,Wisconsin,Wisconsin2015,7,546099,78014,80321,0.971277748
2015,Wyoming,Wyoming2015,6,108361,18060,29181,0.618895857
2014,Air Force,Air Force2014,6,168967,28161,52237,0.539100637
2014,Akron,Akron2014,6,55019,9170,30000,0.305666667
2014,Alabama,Alabama2014,7,710736,101534,101821,0.997181328
2014,Arizona,Arizona2014,7,354973,50710,56037,0.904937809
2014,Arizona State,Arizona State2014,6,343073,57179,56232,1.016840945
2014,Arkansas,Arkansas2014,6,399124,66521,72000,0.923902778
2014,Arkansas State,Arkansas State2014,6,149163,24861,30964,0.802900142
2014,Army,Army2014,5,171310,34262,38000,0.901631579
2014,Auburn,Auburn2014,7,612157,87451,87451,1
2014,Ball State,Ball State2014,6,56332,9389,22500,0.417288889
2014,Baylor,Baylor2014,6,280257,46710,45140,1.034780682
2014,Boise State,Boise State2014,7,227526,32504,37000,0.878486486
2014,Boston College,Boston College2014,7,239893,34270,44500,0.77011236
2014,Bowling Green,Bowling Green2014,6,91365,15228,23724,0.641881639
2014,Buffalo,Buffalo2014,6,122418,20403,29013,0.70323648
2014,Brigham Young,Brigham Young2014,6,342843,57141,63725,0.896681051
2014,California,California2014,6,286051,47675,62717,0.760160722
2014,Central Michigan,Central Michigan2014,6,97838,16306,30255,0.538952239
2014,Cincinnati,Cincinnati2014,6,173037,28840,40000,0.721
2014,Clemson,Clemson2014,7,572262,81752,81500,1.003092025
2014,Colorado,Colorado2014,6,226670,37778,53750,0.702846512
2014,Colorado State,Colorado State2014,6,159450,26575,41200,0.645024272
2014,Duke,Duke2014,7,191039,27291,40004,0.682206779
2014,East Carolina,East Carolina2014,6,268713,44786,50000,0.89572
2014,Eastern Michigan,Eastern Michigan2014,5,75127,15025,30200,0.497516556
2014,FIU,FIU2014,8,95728,11966,23500,0.509191489
2014,Florida Atlantic,Florida Atlantic2014,5,70608,14122,30000,0.470733333
2014,Florida,Florida2014,6,515001,85834,88548,0.969349957
2014,Florida State,Florida State2014,7,575478,82211,82300,0.998918591
2014,Fresno State,Fresno State2014,6,209257,34876,41031,0.84999147
2014,Georgia,Georgia2014,7,649222,92746,92746,1
2014,Georgia State,Georgia State2014,6,90037,15006,23000,0.652434783
2014,Georgia Tech,Georgia Tech2014,6,291113,48519,55000,0.882163636
2014,Hawaii,Hawaii2014,7,192159,27451,50000,0.54902
2014,Houston,Houston2014,7,198177,28311,40000,0.707775
2014,Idaho,Idaho2014,5,64432,12886,16000,0.805375
2014,Illinois,Illinois2014,7,290842,41549,60670,0.684835998
2014,Indiana,Indiana2014,6,249941,41657,52959,0.786589626
2014,Iowa,Iowa2014,7,472584,67512,70585,0.956463838
2014,Iowa State,Iowa State2014,7,365377,52197,61000,0.855688525
2014,Kansas,Kansas2014,6,204462,34077,50071,0.680573586
2014,Kansas State,Kansas State2014,7,371565,53081,50000,1.06162
2014,Kent State,Kent State2014,6,81263,13544,25319,0.534934239
2014,Kentucky,Kentucky2014,7,403002,57572,61000,0.943803279
2014,Louisiana,Louisiana2014,6,154652,25775,31000,0.831451613
2014,Louisiana-Monroe,Louisiana-Monroe2014,5,90540,18108,30427,0.595129326
2014,Louisiana Tech,Louisiana Tech2014,5,100272,20054,30600,0.655359477
2014,Louisville,Louisville2014,6,317829,52972,55000,0.963127273
2014,LSU,LSU2014,7,712063,101723,100500,1.012169154
2014,Marshall,Marshall2014,7,192229,27461,38019,0.722296746
2014,Maryland,Maryland2014,6,281884,46981,54000,0.870018519
2014,Umass,Umass2014,6,96527,16088,68756,0.233986852
2014,Memphis,Memphis2014,6,203106,33851,62380,0.542657903
2014,Miami (FL),Miami (FL)2014,7,367623,52518,65236,0.805046293
2014,Miami (OH),Miami (OH)2014,6,95438,15906,24286,0.654945236
2014,Michigan,Michigan2014,7,734364,104909,107601,0.974981645
2014,Michigan State,Michigan State2014,7,522765,74681,75005,0.995680288
2014,Middle Tennessee,Middle Tennessee2014,6,104450,17408,31000,0.561548387
2014,Minnesota,Minnesota2014,7,335056,47865,50805,0.94213168
2014,Mississippi State,Mississippi State2014,7,427892,61127,64038,0.954542615
2014,Missouri,Missouri2014,7,456996,65285,71004,0.919455242
2014,Navy,Navy2014,5,162510,32502,34000,0.955941176
2014,Nebraska,Nebraska2014,7,638744,91249,92000,0.991836957
2014,Nevada,Nevada2014,6,143172,23862,29993,0.795585637
2014,New Mexico,New Mexico2014,6,131624,21937,39224,0.559274934
2014,New Mexico State,New Mexico State2014,6,73612,12269,30343,0.404343671
2014,North Carolina,North Carolina2014,6,328000,54667,62980,0.868005716
2014,NC State,NC State2014,7,380785,54398,57583,0.944688537
2014,North Texas,North Texas2014,6,115627,19271,30850,0.624667747
2014,Northern Illinois,Northern Illinois2014,5,67813,13563,24000,0.565125
2014,Northwestern,Northwestern2014,7,270292,38613,47130,0.819287078
2014,Notre Dame,Notre Dame2014,6,484770,80795,77622,1.040877586
2014,Ohio,Ohio2014,6,123090,20515,24000,0.854791667
2014,Ohio State,Ohio State2014,7,744075,106296,104944,1.012883061
2014,Oklahoma,Oklahoma2014,6,510972,85162,84000,1.013833333
2014,Oklahoma State,Oklahoma State2014,6,326324,54387,60218,0.903168488
2014,Ole Miss,Ole Miss2014,7,430829,61547,58580,1.050648686
2014,Oregon,Oregon2014,7,401952,57422,54000,1.06337037
2014,Oregon State,Oregon State2014,7,295230,42176,45674,0.923413758
2014,Penn State,Penn State2014,7,711358,101623,106572,0.953561911
2014,Pittsburgh,Pittsburgh2014,7,289204,41315,65500,0.630763359
2014,Purdue,Purdue2014,7,246880,35269,62500,0.564304
2014,Rice,Rice2014,5,92812,18562,47000,0.39493617
2014,Rutgers,Rutgers2014,6,303791,50632,52454,0.965264803
2014,San Diego State,San Diego State2014,7,226839,32406,70561,0.459262199
2014,San Jose State,San Jose State2014,5,75340,15068,30456,0.49474652
2014,SMU,SMU2014,6,129169,21528,32000,0.67275
2014,South Alabama,South Alabama2014,6,104669,17445,40646,0.429193525
2014,South Carolina,South Carolina2014,7,569664,81381,80250,1.014093458
2014,South Florida,South Florida2014,7,214861,30694,65857,0.466070425
2014,USC,USC2014,6,439630,73272,93607,0.782761973
2014,Southern Mississippi,Southern Mississippi2014,6,136435,22739,36000,0.631638889
2014,Stanford,Stanford2014,6,287174,47862,50000,0.95724
2014,Syracuse,Syracuse2014,6,242682,40447,49250,0.821258883
2014,TCU,TCU2014,7,313036,44719,45000,0.993755556
2014,Temple,Temple2014,6,140217,23370,68532,0.34100858
2014,Tennessee,Tennessee2014,7,698276,99754,102521,0.973010408
2014,Texas,Texas2014,6,564618,94103,100119,0.939911505
2014,Texas A&M,Texas A&M2014,6,630735,105123,102733,1.02326419
2014,Texas State,Texas State2014,6,123589,20598,30000,0.6866
2014,Texas Tech,Texas Tech2014,6,353603,58934,60862,0.968321777
2014,Toledo,Toledo2014,6,117286,19548,26248,0.744742457
2014,Troy,Troy2014,6,100602,16767,30000,0.5589
2014,Tulane,Tulane2014,6,150074,25012,30000,0.833733333
2014,Tulsa,Tulsa2014,6,117881,19647,35542,0.552782623
2014,UAB,UAB2014,6,131047,21841,71594,0.305067464
2014,UCF,UCF2014,6,226869,37812,45323,0.834278402
2014,UCLA,UCLA2014,6,459901,76650,89702,0.854495998
2014,UConn,UConn2014,7,192230,27461,40000,0.686525
2014,UNLV,UNLV2014,6,94043,15674,36800,0.425923913
2014,Utah,Utah2014,6,278619,46437,45017,1.031543639
2014,Utah State,Utah State2014,6,122803,20467,25513,0.802218477
2014,UTEP,UTEP2014,6,170260,28377,51500,0.551009709
2014,UTSA,UTSA2014,6,165458,27576,65000,0.424246154
2014,Vanderbilt,Vanderbilt2014,8,274063,34258,40550,0.844833539
2014,Virginia,Virginia2014,7,275243,39320,61500,0.639349593
2014,Virginia Tech,Virginia Tech2014,7,428099,61157,66233,0.923361466
2014,Wake Forest,Wake Forest2014,6,163260,27210,31500,0.863809524
2014,Washington,Washington2014,7,451555,64508,70138,0.919729676
2014,Washington State,Washington State2014,6,184762,30794,35117,0.876897229
2014,West Virginia,West Virginia2014,6,340117,56686,60000,0.944766667
2014,Western Kentucky,Western Kentucky2014,6,97833,16306,22113,0.737394293
2014,Western Michigan,Western Michigan2014,5,78124,15625,30200,0.517384106
2014,Wisconsin,Wisconsin2014,7,556642,79520,80321,0.990027515
2014,Wyoming,Wyoming2014,6,117593,19599,29181,0.671635653
2013,Air Force,Air Force2013,7,228562,32652,52237,0.625074181
2013,Akron,Akron2013,6,107101,17850,30000,0.595
2013,Alabama,Alabama2013,7,710538,101505,101821,0.996896514
2013,Arizona,Arizona2013,6,285713,47619,56037,0.849777825
2013,Arizona State,Arizona State2013,8,501509,62689,56232,1.114827856
2013,Arkansas,Arkansas2013,7,431174,61596,72000,0.8555
2013,Arkansas State,Arkansas State2013,6,149477,24913,30964,0.804579512
2013,Army,Army2013,5,169781,33956,38000,0.893578947
2013,Auburn,Auburn2013,8,685252,85657,87451,0.979485655
2013,Ball State,Ball State2013,6,90784,15131,22500,0.672488889
2013,Baylor,Baylor2013,7,321639,45948,45140,1.017899867
2013,Boise State,Boise State2013,6,206198,34366,37000,0.928810811
2013,Boston College,Boston College2013,6,198035,33006,44500,0.741707865
2013,Bowling Green,Bowling Green2013,6,91548,15258,23724,0.643146181
2013,Buffalo,Buffalo2013,6,136418,22736,29013,0.783648709
2013,Brigham Young,Brigham Young2013,6,367349,61225,63725,0.960768929
2013,California,California2013,7,345303,49329,62717,0.786533157
2013,Central Michigan,Central Michigan2013,5,66119,13224,30255,0.437084779
2013,Cincinnati,Cincinnati2013,6,190624,31771,40000,0.794275
2013,Clemson,Clemson2013,7,574333,82048,81500,1.006723926
2013,Colorado,Colorado2013,6,230778,38463,53750,0.715590698
2013,Colorado State,Colorado State2013,6,111598,18600,41200,0.451456311
2013,Duke,Duke2013,7,182431,26062,40004,0.651484852
2013,East Carolina,East Carolina2013,6,263910,43985,50000,0.8797
2013,Eastern Michigan,Eastern Michigan2013,5,20255,4051,30200,0.134139073
2013,FIU,FIU2013,6,92717,15453,23500,0.657574468
2013,Florida Atlantic,Florida Atlantic2013,5,72758,14552,30000,0.485066667
2013,Florida,Florida2013,6,524638,87440,88548,0.987487013
2013,Florida State,Florida State2013,7,527947,75421,82300,0.916415553
2013,Fresno State,Fresno State2013,7,258417,36917,41031,0.899734347
2013,Georgia,Georgia2013,6,556476,92746,92746,1
2013,Georgia Tech,Georgia Tech2013,7,343542,49077,55000,0.892309091
2013,Hawaii,Hawaii2013,6,185931,30989,50000,0.61978
2013,Houston,Houston2013,6,145537,24256,40000,0.6064
2013,Idaho,Idaho2013,5,73718,14744,16000,0.9215
2013,Illinois,Illinois2013,7,306506,43787,60670,0.721724081
2013,Indiana,Indiana2013,8,354823,44353,52959,0.837496932
2013,Iowa,Iowa2013,7,469872,67125,70585,0.950981087
2013,Iowa State,Iowa State2013,6,332165,55361,61000,0.907557377
2013,Kansas,Kansas2013,7,265187,37884,50071,0.75660562
2013,Kansas State,Kansas State2013,8,423095,52887,50000,1.05774
2013,Kent State,Kent State2013,5,85091,17018,25319,0.67214345
2013,Kentucky,Kentucky2013,7,416303,59472,61000,0.97495082
2013,Louisiana,Louisiana2013,5,129878,25976,31000,0.837935484
2013,Louisiana-Monroe,Louisiana-Monroe2013,5,85177,17035,30427,0.559864594
2013,Louisiana Tech,Louisiana Tech2013,5,93332,18666,30600,0.61
2013,Louisville,Louisville2013,7,370396,52914,55000,0.962072727
2013,LSU,LSU2013,7,639927,91418,100500,0.909631841
2013,Marshall,Marshall2013,6,150138,25023,38019,0.658170915
2013,Maryland,Maryland2013,7,288946,41278,54000,0.764407407
2013,Umass,Umass2013,6,94981,15830,68756,0.230234452
2013,Memphis,Memphis2013,7,199760,28537,62380,0.457470343
2013,Miami (FL),Miami (FL)2013,7,376857,53837,65236,0.825265191
2013,Miami (OH),Miami (OH)2013,5,79676,15935,24286,0.65613934
2013,Michigan,Michigan2013,7,781144,111592,107601,1.037090733
2013,Michigan State,Michigan State2013,7,506294,72328,75005,0.964309046
2013,Middle Tennessee,Middle Tennessee2013,6,112287,18715,31000,0.603709677
2013,Minnesota,Minnesota2013,7,334581,47797,50805,0.940793229
2013,Mississippi State,Mississippi State2013,7,389868,55695,64038,0.86971798
2013,Missouri,Missouri2013,7,444532,63505,71004,0.894386232
2013,Navy,Navy2013,5,177940,35588,34000,1.046705882
2013,Nebraska,Nebraska2013,8,727466,90933,92000,0.988402174
2013,Nevada,Nevada2013,6,149635,24939,29993,0.831494015
2013,New Mexico,New Mexico2013,6,141220,23537,39224,0.600066286
2013,New Mexico State,New Mexico State2013,7,112347,16050,30343,0.528952312
2013,North Carolina,North Carolina2013,7,360500,51500,62980,0.817719911
2013,NC State,NC State2013,8,425420,53178,57583,0.923501728
2013,North Texas,North Texas2013,6,126182,21030,30850,0.681685575
2013,Northern Illinois,Northern Illinois2013,5,103344,20669,24000,0.861208333
2013,Northwestern,Northwestern2013,7,275147,39307,47130,0.834012306
2013,Notre Dame,Notre Dame2013,6,484770,80795,77622,1.040877586
2013,Ohio,Ohio2013,7,144701,20672,24000,0.861333333
2013,Ohio State,Ohio State2013,7,734528,104933,104944,0.999895182
2013,Oklahoma,Oklahoma2013,6,508334,84722,84000,1.008595238
2013,Oklahoma State,Oklahoma State2013,6,354754,59126,60218,0.981865887
2013,Ole Miss,Ole Miss2013,7,415750,59393,58580,1.013878457
2013,Oregon,Oregon2013,7,403617,57660,54000,1.067777778
2013,Oregon State,Oregon State2013,6,257784,42964,45674,0.940666462
2013,Penn State,Penn State2013,7,676112,96587,106572,0.906307473
2013,Pittsburgh,Pittsburgh2013,7,348188,49741,65500,0.75940458
2013,Purdue,Purdue2013,7,342673,48953,62500,0.783248
2013,Rice,Rice2013,6,112711,18785,47000,0.399680851
2013,Rutgers,Rutgers2013,7,325846,46549,52454,0.887425173
2013,San Diego State,San Diego State2013,6,199344,33224,70561,0.470855005
2013,San Jose State,San Jose State2013,6,98174,16362,30456,0.537234043
2013,SMU,SMU2013,6,112347,18725,32000,0.58515625
2013,South Alabama,South Alabama2013,6,95555,15926,40646,0.391822074
2013,South Carolina,South Carolina2013,7,576805,82401,80250,1.026803738
2013,South Florida,South Florida2013,7,242911,34702,65857,0.52692956
2013,USC,USC2013,7,511885,73126,93607,0.781202261
2013,Southern Mississippi,Southern Mississippi2013,5,113759,22752,36000,0.632
2013,Stanford,Stanford2013,7,355081,50726,50000,1.01452
2013,Syracuse,Syracuse2013,6,229661,38277,49250,0.77719797
2013,TCU,TCU2013,6,261587,43598,45000,0.968844444
2013,Temple,Temple2013,6,134836,22473,68532,0.327919804
2013,Tennessee,Tennessee2013,7,669087,95584,102521,0.932335814
2013,Texas,Texas2013,6,593857,98976,100119,0.988583586
2013,Texas A&M,Texas A&M2013,8,697003,87125,102733,0.848072187
2013,Texas State,Texas State2013,6,108371,18062,30000,0.602066667
2013,Texas Tech,Texas Tech2013,6,347597,57933,60862,0.951874733
2013,Toledo,Toledo2013,6,110803,18467,26248,0.703558366
2013,Troy,Troy2013,5,94529,18906,30000,0.6302
2013,Tulane,Tulane2013,6,118482,19747,30000,0.658233333
2013,Tulsa,Tulsa2013,6,119356,19893,35542,0.559704012
2013,UAB,UAB2013,5,52739,10548,71594,0.147330782
2013,UCF,UCF2013,6,252505,42084,45323,0.928535181
2013,UCLA,UCLA2013,6,421711,70285,89702,0.783538829
2013,UConn,UConn2013,7,216523,30932,40000,0.7733
2013,UNLV,UNLV2013,7,120486,17212,36800,0.467717391
2013,Utah,Utah2013,7,316361,45194,45017,1.003931848
2013,Utah State,Utah State2013,6,139576,23263,25513,0.911809666
2013,UTEP,UTEP2013,5,141877,28375,51500,0.550970874
2013,Vanderbilt,Vanderbilt2013,7,249728,35675,40550,0.879778052
2013,Virginia,Virginia2013,8,370234,46279,61500,0.752504065
2013,Virginia Tech,Virginia Tech2013,6,383993,63999,66233,0.96627059
2013,Wake Forest,Wake Forest2013,6,170484,28414,31500,0.902031746
2013,Washington,Washington2013,7,481384,68769,70138,0.980481337
2013,Washington State,Washington State2013,6,178427,29738,35117,0.846826323
2013,West Virginia,West Virginia2013,6,317459,52910,60000,0.881833333
2013,Western Kentucky,Western Kentucky2013,5,91672,18334,22113,0.829105051
2013,Western Michigan,Western Michigan2013,5,86733,17347,30200,0.574403974
2013,Wisconsin,Wisconsin2013,7,552378,78911,80321,0.982445438
2013,Wyoming,Wyoming2013,6,116854,19476,29181,0.667420582
2012,Air Force,Air Force2012,6,192087,32015,52237,0.61287976
2012,Akron,Akron2012,6,55652,9275,30000,0.309166667
2012,Alabama,Alabama2012,7,712052,101722,101821,0.999027705
2012,UAB,UAB2012,6,91623,15271,71594,0.213299997
2012,Arizona,Arizona2012,8,383451,47931,56037,0.855345575
2012,Arizona State,Arizona State2012,6,341007,56835,56232,1.010723431
2012,Arkansas,Arkansas2012,7,476321,68046,72000,0.945083333
2012,Arkansas State,Arkansas State2012,6,158389,26398,30964,0.852538432
2012,Army,Army2012,7,225432,32205,38000,0.8475
2012,Auburn,Auburn2012,7,578521,82646,87451,0.945054945
2012,Ball State,Ball State2012,5,64649,12930,22500,0.574666667
2012,Baylor,Baylor2012,6,247165,41194,45140,0.912583075
2012,Boise State,Boise State2012,6,212425,35404,37000,0.956864865
2012,Boston College,Boston College2012,6,222118,37020,44500,0.831910112
2012,Bowling Green,Bowling Green2012,6,94625,15771,23724,0.664769853
2012,Brigham Young,Brigham Young2012,6,366965,61161,63725,0.959764614
2012,Buffalo,Buffalo2012,6,79451,13242,29013,0.456416089
2012,California,California2012,7,391130,55876,62717,0.890922716
2012,UCF,UCF2012,6,207646,34608,45323,0.763585817
2012,Central Michigan,Central Michigan2012,7,112249,16036,30255,0.530028095
2012,Cincinnati,Cincinnati2012,7,203965,29138,40000,0.72845
2012,Clemson,Clemson2012,7,569988,81427,81500,0.999104294
2012,Colorado,Colorado2012,6,272235,45373,53750,0.844148837
2012,Colorado State,Colorado State2012,6,115501,19250,41200,0.46723301
2012,UConn,UConn2012,6,208032,34672,40000,0.8668
2012,Duke,Duke2012,7,197190,28170,40004,0.704179582
2012,East Carolina,East Carolina2012,6,282076,47013,50000,0.94026
2012,Eastern Michigan,Eastern Michigan2012,6,23536,3923,30200,0.129900662
2012,Florida,Florida2012,7,613182,87597,88548,0.989260062
2012,Florida Atlantic,Florida Atlantic2012,5,67293,13459,30000,0.448633333
2012,FIU,FIU2012,6,81806,13634,23500,0.580170213
2012,Florida State,Florida State2012,7,529208,75601,82300,0.918602673
2012,Fresno State,Fresno State2012,6,185488,30915,41031,0.753454705
2012,Georgia,Georgia2012,7,648922,92703,92746,0.999536368
2012,Georgia Tech,Georgia Tech2012,7,307682,43955,55000,0.799181818
2012,Hawaii,Hawaii2012,6,180186,30031,50000,0.60062
2012,Houston,Houston2012,7,190729,27247,40000,0.681175
2012,Idaho,Idaho2012,5,62908,12582,16000,0.786375
2012,Illinois,Illinois2012,7,318950,45564,60670,0.751013681
2012,Indiana,Indiana2012,6,268813,44802,52959,0.845975188
2012,Iowa,Iowa2012,7,493315,70474,70585,0.998427428
2012,Iowa State,Iowa State2012,7,386917,55274,61000,0.906131148
2012,Kansas,Kansas2012,6,247971,41329,50071,0.825407921
2012,Kansas State,Kansas State2012,7,351943,50278,50000,1.00556
2012,Kent State,Kent State2012,5,89401,17880,25319,0.706189028
2012,Kentucky,Kentucky2012,7,347838,49691,61000,0.814606557
2012,Louisiana,Louisiana2012,6,137190,22865,31000,0.737580645
2012,Louisiana-Monroe,Louisiana-Monroe2012,6,149884,24981,30427,0.821014231
2012,LSU,LSU2012,8,741005,92626,100500,0.921651741
2012,Louisiana Tech,Louisiana Tech2012,6,155045,25841,30600,0.844477124
2012,Louisville,Louisville2012,7,349938,49991,55000,0.908927273
2012,Marshall,Marshall2012,6,149377,24896,38019,0.654830479
2012,Maryland,Maryland2012,6,216135,36023,54000,0.667092593
2012,Memphis,Memphis2012,6,146227,24371,62380,0.390686117
2012,Miami (FL),Miami (FL)2012,6,286315,47719,65236,0.731482617
2012,Miami (OH),Miami (OH)2012,5,76665,15333,24286,0.631351396
2012,Michigan,Michigan2012,6,673511,112252,107601,1.043224505
2012,Michigan State,Michigan State2012,7,527671,75382,75005,1.005026332
2012,Middle Tennessee,Middle Tennessee2012,5,88691,17738,31000,0.572193548
2012,Minnesota,Minnesota2012,7,326456,46637,50805,0.917960831
2012,Mississippi State,Mississippi State2012,7,389396,55628,64038,0.868671726
2012,Missouri,Missouri2012,7,472333,67476,71004,0.950312658
2012,Navy,Navy2012,5,161817,32363,34000,0.951852941
2012,Nebraska,Nebraska2012,7,598617,85517,92000,0.929532609
2012,Nevada,Nevada2012,6,140591,23432,29993,0.781248958
2012,UNLV,UNLV2012,7,106456,15208,36800,0.41326087
2012,New Mexico,New Mexico2012,6,133840,22307,39224,0.568707934
2012,New Mexico State,New Mexico State2012,6,85480,14247,30343,0.469531688
2012,North Carolina,North Carolina2012,7,352000,50286,62980,0.79844395
2012,NC State,NC State2012,6,324638,54106,57583,0.939617595
2012,North Texas,North Texas2012,5,94634,18927,30850,0.613517018
2012,Northern Illinois,Northern Illinois2012,7,146139,20877,24000,0.869875
2012,Northwestern,Northwestern2012,7,249877,35697,47130,0.757415659
2012,Notre Dame,Notre Dame2012,6,484770,80795,77622,1.040877586
2012,Ohio,Ohio2012,6,131063,21844,24000,0.910166667
2012,Ohio State,Ohio State2012,8,842637,105330,104944,1.003678152
2012,Oklahoma,Oklahoma2012,6,511460,85243,84000,1.014797619
2012,Oklahoma State,Oklahoma State2012,7,395897,56557,60218,0.939204225
2012,Ole Miss,Ole Miss2012,7,399462,57066,58580,0.974155002
2012,Oregon,Oregon2012,7,402429,57490,54000,1.06462963
2012,Oregon State,Oregon State2012,7,303971,43424,45674,0.950737838
2012,Penn State,Penn State2012,7,677108,96730,106572,0.907649289
2012,Pittsburgh,Pittsburgh2012,6,248964,41494,65500,0.633496183
2012,Purdue,Purdue2012,7,305118,43588,62500,0.697408
2012,Rice,Rice2012,5,101623,20325,47000,0.432446809
2012,Rutgers,Rutgers2012,6,295129,49188,52454,0.937735921
2012,San Diego State,San Diego State2012,8,247029,30879,70561,0.437621349
2012,San Jose State,San Jose State2012,6,64732,10789,30456,0.354248752
2012,SMU,SMU2012,7,149042,21292,32000,0.665375
2012,South Carolina,South Carolina2012,7,560008,80001,80250,0.996897196
2012,South Florida,South Florida2012,6,264780,44130,65857,0.670088221
2012,USC,USC2012,6,527670,87945,93607,0.939513071
2012,Southern Mississippi,Southern Mississippi2012,6,154503,25751,36000,0.715305556
2012,Stanford,Stanford2012,7,303402,43343,50000,0.86686
2012,Syracuse,Syracuse2012,5,189763,37953,49250,0.770619289
2012,Temple,Temple2012,6,159481,26580,68532,0.387848013
2012,Tennessee,Tennessee2012,7,629752,89965,102521,0.877527531
2012,Texas,Texas2012,6,605304,100884,100119,1.007640907
2012,Texas A&M,Texas A&M2012,6,522083,87014,102733,0.846991716
2012,TCU,TCU2012,6,276281,46047,45000,1.023266667
2012,UTEP,UTEP2012,6,176244,29374,51500,0.570368932
2012,Texas Tech,Texas Tech2012,6,343251,57209,60862,0.939978969
2012,Toledo,Toledo2012,6,123309,20552,26248,0.78299299
2012,Troy,Troy2012,6,125709,20952,30000,0.6984
2012,Tulane,Tulane2012,7,126593,18085,30000,0.602833333
2012,Tulsa,Tulsa2012,7,140143,20020,35542,0.563277249
2012,UCLA,UCLA2012,7,479370,68481,89702,0.763427794
2012,Utah,Utah2012,6,272080,45347,45017,1.007330564
2012,Utah State,Utah State2012,6,120321,20054,25513,0.786030651
2012,Vanderbilt,Vanderbilt2012,6,227161,37860,40550,0.933662145
2012,Virginia,Virginia2012,7,326548,46650,61500,0.758536585
2012,Virginia Tech,Virginia Tech2012,6,393792,65632,66233,0.990925973
2012,Wake Forest,Wake Forest2012,7,202387,28912,31500,0.91784127
2012,Washington,Washington2012,6,351699,58617,70138,0.835738116
2012,Washington State,Washington State2012,5,151259,30252,35117,0.861463109
2012,West Virginia,West Virginia2012,7,391409,55916,60000,0.931933333
2012,Western Kentucky,Western Kentucky2012,6,104488,17415,22113,0.787545788
2012,Western Michigan,Western Michigan2012,6,87475,14579,30200,0.482748344
2012,Wisconsin,Wisconsin2012,7,560039,80006,80321,0.996078236
2012,Wyoming,Wyoming2012,6,117327,19555,29181,0.670127823
2012,Washington,Washington2012,7,437715,62531,70138,0.891542388
2012,Washington State,Washington State2012,6,172746,28791,35117,0.819859327
2012,West Virginia,West Virginia2012,7,395726,56532,60000,0.9422
2012,Western Kentucky,Western Kentucky2012,7,116461,16637,22113,0.752362863
2012,Western Michigan,Western Michigan2012,5,99926,19985,30200,0.661754967
2012,Wisconsin,Wisconsin2012,7,558692,79813,80321,0.993675378
2012,Wyoming,Wyoming2012,6,132974,22162,29181,0.759466776
2011,Air Force,Air Force2011,7,247122,35303,52237,0.67582365
2011,Akron,Akron2011,6,94405,15734,30000,0.524466667
2011,Alabama,Alabama2011,7,712747,101821,101821,1
2011,Arizona,Arizona2011,6,293716,48953,56037,0.873583525
2011,Arizona State,Arizona State2011,7,413051,59007,56232,1.049349125
2011,Arkansas,Arkansas2011,7,468933,66990,72000,0.930416667
2011,Arkansas State,Arkansas State2011,6,127541,21257,30964,0.686506911
2011,Army,Army2011,4,133278,33320,38000,0.876842105
2011,Auburn,Auburn2011,7,600541,85792,87451,0.981029376
2011,Ball State,Ball State2011,6,90383,15064,22500,0.669511111
2011,Baylor,Baylor2011,7,289574,41368,45140,0.916437749
2011,Boise State,Boise State2011,6,204110,34018,37000,0.919405405
2011,Boston College,Boston College2011,6,214255,35709,44500,0.802449438
2011,Bowling Green,Bowling Green2011,6,90039,15007,23724,0.632566178
2011,Buffalo,Buffalo2011,6,108118,18020,29013,0.621100886
2011,Brigham Young,Brigham Young2011,7,421858,60265,63725,0.945704198
2011,California,California2011,5,188285,37657,62717,0.600427316
2011,Central Michigan,Central Michigan2011,5,76456,15291,30255,0.505404065
2011,Cincinnati,Cincinnati2011,6,193757,32293,40000,0.807325
2011,Clemson,Clemson2011,7,545713,77959,81500,0.956552147
2011,Colorado,Colorado2011,5,251777,50355,53750,0.936837209
2011,Colorado State,Colorado State2011,6,131202,21867,41200,0.530752427
2011,UConn,UConn2011,7,256676,36668,40000,0.9167
2011,Duke,Duke2011,7,170748,24393,40004,0.609764024
2011,East Carolina,East Carolina2011,6,300069,50012,50000,1.00024
2011,Eastern Michigan,Eastern Michigan2011,6,25599,4267,30200,0.141291391
2011,FIU,FIU2011,6,110465,18411,23500,0.783446809
2011,Florida Atlantic,Florida Atlantic2011,5,87824,17565,30000,0.5855
2011,Florida,Florida2011,7,623429,89061,88548,1.005793468
2011,Florida State,Florida State2011,7,544893,77842,82300,0.945832321
2011,Fresno State,Fresno State2011,6,175787,29298,41031,0.714045478
2011,Georgia,Georgia2011,6,555676,92613,92746,0.998565976
2011,Georgia Tech,Georgia Tech2011,7,337622,48232,55000,0.876945455
2011,Hawaii,Hawaii2011,7,222493,31785,50000,0.6357
2011,Houston,Houston2011,7,222114,31731,40000,0.793275
2011,Idaho,Idaho2011,6,71877,11980,16000,0.74875
2011,Illinois,Illinois2011,8,396380,49548,60670,0.816680402
2011,Indiana,Indiana2011,6,248282,41380,52959,0.781359165
2011,Iowa,Iowa2011,7,494095,70585,70585,1
2011,Iowa State,Iowa State2011,6,321880,53647,61000,0.879459016
2011,Kansas,Kansas2011,6,253698,42283,50071,0.844460866
2011,Kansas State,Kansas State2011,7,343209,49030,50000,0.9806
2011,Kent State,Kent State2011,6,69520,11587,25319,0.457640507
2011,Kentucky,Kentucky2011,7,420052,60007,61000,0.983721311
2011,Louisiana,Louisiana2011,5,145854,29171,31000,0.941
2011,Louisiana-Monroe,Louisiana-Monroe2011,5,77561,15512,30427,0.509810366
2011,Louisiana Tech,Louisiana Tech2011,5,107592,21518,30600,0.703202614
2011,Louisville,Louisville2011,6,291225,48538,55000,0.882509091
2011,LSU,LSU2011,6,557210,92868,100500,0.924059701
2011,Marshall,Marshall2011,5,129371,25874,38019,0.68055446
2011,Maryland,Maryland2011,7,296484,42355,54000,0.784351852
2011,Memphis,Memphis2011,6,120470,20078,62380,0.321865983
2011,Miami (FL),Miami (FL)2011,7,340576,48654,65236,0.745815194
2011,Miami (OH),Miami (OH)2011,6,97043,16174,24286,0.6659804
2011,Michigan,Michigan2011,8,897431,112179,107601,1.042546073
2011,Michigan State,Michigan State2011,7,518545,74078,75005,0.987640824
2011,Middle Tennessee,Middle Tennessee2011,6,110440,18407,31000,0.593774194
2011,Minnesota,Minnesota2011,7,333996,47714,50805,0.939159532
2011,Mississippi State,Mississippi State2011,6,335695,55949,64038,0.873684375
2011,Missouri,Missouri2011,6,372571,62095,71004,0.874528196
2011,Navy,Navy2011,5,173056,34611,34000,1.017970588
2011,Nebraska,Nebraska2011,7,596871,85267,92000,0.926815217
2011,Nevada,Nevada2011,6,94653,15776,29993,0.525989398
2011,New Mexico,New Mexico2011,6,120160,20027,39224,0.510580257
2011,New Mexico State,New Mexico State2011,6,90830,15138,30343,0.498895956
2011,North Carolina,North Carolina2011,7,392000,56000,62980,0.889171165
2011,NC State,NC State2011,7,394008,56287,57583,0.977493357
2011,North Texas,North Texas2011,6,113186,18864,30850,0.611474878
2011,Northern Illinois,Northern Illinois2011,7,132323,18903,24000,0.787625
2011,Northwestern,Northwestern2011,6,200649,33442,47130,0.709569276
2011,Notre Dame,Notre Dame2011,6,484770,80795,77622,1.040877586
2011,Ohio,Ohio2011,6,119345,19891,24000,0.828791667
2011,Ohio State,Ohio State2011,7,736618,105231,104944,1.002734792
2011,Oklahoma,Oklahoma2011,6,510967,85161,84000,1.013821429
2011,Oklahoma State,Oklahoma State2011,6,343376,57229,60218,0.950363679
2011,Ole Miss,Ole Miss2011,7,395413,56488,58580,0.964288153
2011,Oregon,Oregon2011,8,474753,59344,54000,1.098962963
2011,Oregon State,Oregon State2011,6,254521,42420,45674,0.928755966
2011,Penn State,Penn State2011,7,709991,101427,106572,0.951722779
2011,Pittsburgh,Pittsburgh2011,8,368022,46003,65500,0.702335878
2011,Purdue,Purdue2011,7,316574,45225,62500,0.7236
2011,Rice,Rice2011,5,86643,17329,47000,0.368702128
2011,Rutgers,Rutgers2011,7,306327,43761,52454,0.83427384
2011,San Diego State,San Diego State2011,7,279056,39865,70561,0.564972152
2011,San Jose State,San Jose State2011,5,91072,18214,30456,0.598043079
2011,SMU,SMU2011,6,125364,20894,32000,0.6529375
2011,South Carolina,South Carolina2011,7,553915,79131,80250,0.986056075
2011,South Florida,South Florida2011,7,311848,44550,65857,0.676465676
2011,USC,USC2011,7,523644,74806,93607,0.799149636
2011,Southern Mississippi,Southern Mississippi2011,6,170402,28400,36000,0.788888889
2011,Stanford,Stanford2011,7,349976,49997,50000,0.99994
2011,Syracuse,Syracuse2011,7,283528,40504,49250,0.822416244
2011,TCU,TCU2011,6,202115,33686,45000,0.748577778
2011,Temple,Temple2011,7,196420,28060,68532,0.409443763
2011,Tennessee,Tennessee2011,8,757136,94642,102521,0.923147453
2011,Texas,Texas2011,6,603142,100524,100119,1.004045186
2011,Texas A&M,Texas A&M2011,7,610283,87183,102733,0.848636757
2011,Texas Tech,Texas Tech2011,6,332081,55347,60862,0.909385166
2011,Toledo,Toledo2011,6,132941,22157,26248,0.844140506
2011,Troy,Troy2011,5,89492,17898,30000,0.5966
2011,Tulane,Tulane2011,6,118357,19726,30000,0.657533333
2011,Tulsa,Tulsa2011,6,135245,22541,35542,0.634207417
2011,UAB,UAB2011,5,82893,16579,71594,0.231569685
2011,UCF,UCF2011,6,205695,34283,45323,0.756415065
2011,UCLA,UCLA2011,6,339861,56644,89702,0.631468641
2011,UNLV,UNLV2011,5,105995,21199,36800,0.576059783
2011,Utah,Utah2011,6,270894,45149,45017,1.002932226
2011,Utah State,Utah State2011,6,104813,17469,25513,0.684709756
2011,UTEP,UTEP2011,6,158986,26498,51500,0.514524272
2011,Vanderbilt,Vanderbilt2011,7,230112,32873,40550,0.810678175
2011,Virginia,Virginia2011,7,335582,47940,61500,0.779512195
2011,Virginia Tech,Virginia Tech2011,6,397398,66233,66233,1
2011,Wake Forest,Wake Forest2011,7,223769,31967,31500,1.014825397
2011,Washington,Washington2011,7,437715,62531,70138,0.891542388
2011,Washington State,Washington State2011,6,172746,28791,35117,0.819859327
2011,West Virginia,West Virginia2011,7,395726,56532,60000,0.9422
2011,Western Kentucky,Western Kentucky2011,7,116461,16637,22113,0.752362863
2011,Western Michigan,Western Michigan2011,5,99926,19985,30200,0.661754967
2011,Wisconsin,Wisconsin2011,7,558692,79813,80321,0.993675378
2011,Wyoming,Wyoming2011,6,132974,22162,29181,0.759466776
2010,Air Force,Air Force2010,6,240560,40093,52237,0.767521106
2010,Akron,Akron2010,6,61108,10185,30000,0.3395
2010,Alabama,Alabama2010,7,712747,101821,101821,1
2010,Arizona,Arizona2010,7,387857,55408,56037,0.988775273
2010,Arizona State,Arizona State2010,6,287657,47943,56232,0.85259283
2010,Arkansas,Arkansas2010,6,413591,68932,72000,0.957388889
2010,Arkansas State,Arkansas State2010,5,86969,17394,30964,0.561749128
2010,Army,Army2010,5,158334,31667,38000,0.833342105
2010,Auburn,Auburn2010,8,688692,86087,87451,0.984402694
2010,Ball State,Ball State2010,6,53683,8947,22500,0.397644444
2010,Baylor,Baylor2010,6,240259,40043,45140,0.887084626
2010,Boise State,Boise State2010,6,199611,33269,37000,0.899162162
2010,Boston College,Boston College2010,7,268585,38369,44500,0.862224719
2010,Bowling Green,Bowling Green2010,5,66532,13306,23724,0.560866633
2010,Buffalo,Buffalo2010,6,77883,12981,29013,0.447420122
2010,Brigham Young,Brigham Young2010,6,368283,61381,63725,0.963216948
2010,California,California2010,7,405112,57873,62717,0.922764163
2010,Central Michigan,Central Michigan2010,5,102238,20448,30255,0.675855231
2010,Cincinnati,Cincinnati2010,7,245472,35067,40000,0.876675
2010,Clemson,Clemson2010,7,542280,77469,81500,0.950539877
2010,Colorado,Colorado2010,6,281182,46864,53750,0.871888372
2010,Colorado State,Colorado State2010,5,111998,22400,41200,0.54368932
2010,UConn,UConn2010,6,229488,38248,40000,0.9562
2010,Duke,Duke2010,7,201248,28750,40004,0.718678132
2010,East Carolina,East Carolina2010,6,297987,49665,50000,0.9933
2010,Eastern Michigan,Eastern Michigan2010,5,79426,15885,30200,0.525993377
2010,FIU,FIU2010,6,118848,19808,23500,0.842893617
2010,Florida Atlantic,Florida Atlantic2010,4,56098,14025,30000,0.4675
2010,Florida,Florida2010,7,633579,90511,88548,1.022168767
2010,Florida State,Florida State2010,7,498890,71270,82300,0.865978129
2010,Fresno State,Fresno State2010,7,238841,34120,41031,0.831566377
2010,Georgia,Georgia2010,6,556476,92746,92746,1
2010,Georgia Tech,Georgia Tech2010,6,278696,46449,55000,0.844527273
2010,Hawaii,Hawaii2010,8,298486,37311,50000,0.74622
2010,Houston,Houston2010,6,190366,31728,40000,0.7932
2010,Idaho,Idaho2010,6,76379,12730,16000,0.795625
2010,Illinois,Illinois2010,6,325126,54188,60670,0.893159716
2010,Indiana,Indiana2010,6,251718,41953,52959,0.792178855
2010,Iowa,Iowa2010,7,494095,70585,70585,1
2010,Iowa State,Iowa State2010,7,317767,45395,61000,0.744180328
2010,Kansas,Kansas2010,7,313955,44851,50071,0.895748038
2010,Kansas State,Kansas State2010,6,298897,49816,50000,0.99632
2010,Kent State,Kent State2010,6,96911,16152,25319,0.637939887
2010,Kentucky,Kentucky2010,7,462488,66070,61000,1.083114754
2010,Louisiana,Louisiana2010,5,86915,17383,31000,0.560741935
2010,Louisiana-Monroe,Louisiana-Monroe2010,6,125603,20934,30427,0.688007362
2010,Louisiana Tech,Louisiana Tech2010,6,116908,19485,30600,0.636764706
2010,Louisville,Louisville2010,7,354537,50648,55000,0.920872727
2010,LSU,LSU2010,7,649023,92718,100500,0.922567164
2010,Marshall,Marshall2010,6,162276,27046,38019,0.711381152
2010,Maryland,Maryland2010,6,235007,39168,54000,0.725333333
2010,Memphis,Memphis2010,6,143509,23918,62380,0.383424174
2010,Miami (FL),Miami (FL)2010,6,315452,52575,65236,0.805920044
2010,Miami (OH),Miami (OH)2010,5,77593,15519,24286,0.639010129
2010,Michigan,Michigan2010,7,782776,111825,107601,1.039256141
2010,Michigan State,Michigan State2010,7,514894,73556,75005,0.980681288
2010,Middle Tennessee,Middle Tennessee2010,6,114143,19024,31000,0.613677419
2010,Minnesota,Minnesota2010,7,346593,49513,50805,0.974569432
2010,Ole Miss,Ole Miss2010,7,391289,55898,58580,0.954216456
2010,Mississippi State,Mississippi State2010,7,384995,54999,64038,0.858849433
2010,Missouri,Missouri2010,6,369240,61540,71004,0.866711735
2010,Navy,Navy2010,5,163266,32653,34000,0.960382353
2010,Nebraska,Nebraska2010,7,599648,85664,92000,0.931130435
2010,Nevada,Nevada2010,7,137032,19576,29993,0.652685627
2010,New Mexico,New Mexico2010,6,125330,20888,39224,0.532531103
2010,New Mexico State,New Mexico State2010,6,95433,15906,30343,0.524206572
2010,North Carolina,North Carolina2010,6,349500,58250,62980,0.924896793
2010,NC State,NC State2010,6,341261,56877,57583,0.987739437
2010,North Texas,North Texas2010,6,106306,17718,30850,0.574327391
2010,Northern Illinois,Northern Illinois2010,5,88801,17760,24000,0.74
2010,Northwestern,Northwestern2010,6,218696,36449,47130,0.773371526
2010,Notre Dame,Notre Dame2010,7,565565,80795,77622,1.040877586
2010,Ohio,Ohio2010,6,114277,19046,24000,0.793583333
2010,Ohio State,Ohio State2010,8,842221,105278,104944,1.00318265
2010,Oklahoma,Oklahoma2010,6,508426,84738,84000,1.008785714
2010,Oklahoma State,Oklahoma State2010,7,355684,50812,60218,0.843800857
2010,Oregon,Oregon2010,6,356387,59398,54000,1.099962963
2010,Oregon State,Oregon State2010,6,273054,45509,45674,0.996387441
2010,Penn State,Penn State2010,7,729636,104234,106572,0.97806178
2010,Pittsburgh,Pittsburgh2010,6,312991,52165,65500,0.796412214
2010,Purdue,Purdue2010,7,336443,48063,62500,0.769008
2010,Rice,Rice2010,7,178994,25571,47000,0.54406383
2010,Rutgers,Rutgers2010,7,323368,46195,52454,0.880676402
2010,San Diego State,San Diego State2010,7,238930,34133,70561,0.483737475
2010,San Jose State,San Jose State2010,6,86842,14474,30456,0.475242973
2010,SMU,SMU2010,7,164602,23515,32000,0.73484375
2010,South Carolina,South Carolina2010,7,536675,76668,80250,0.955364486
2010,South Florida,South Florida2010,7,285946,40849,65857,0.620268157
2010,USC,USC2010,6,479444,79907,93607,0.853643424
2010,Southern Mississippi,Southern Mississippi2010,6,176400,29400,36000,0.816666667
2010,Stanford,Stanford2010,6,240254,40042,50000,0.80084
2010,Syracuse,Syracuse2010,6,240385,40064,49250,0.813482234
2010,TCU,TCU2010,6,254797,42466,45000,0.943688889
2010,Temple,Temple2010,6,123088,20515,68532,0.299349209
2010,Tennessee,Tennessee2010,7,698465,99781,102521,0.973273768
2010,Texas,Texas2010,7,704580,100654,100119,1.005343641
2010,Texas A&M,Texas A&M2010,7,577338,82477,102733,0.802828692
2010,Texas Tech,Texas Tech2010,6,342647,57108,60862,0.938319477
2010,Toledo,Toledo2010,6,116000,19333,26248,0.736551356
2010,Troy,Troy2010,5,94736,18947,30000,0.631566667
2010,Tulane,Tulane2010,7,162543,23220,30000,0.774
2010,Tulsa,Tulsa2010,6,122272,20379,35542,0.573377975
2010,UAB,UAB2010,6,110162,18360,71594,0.256446071
2010,UCF,UCF2010,7,277301,39614,45323,0.874037464
2010,UCLA,UCLA2010,6,362253,60376,89702,0.673073064
2010,UNLV,UNLV2010,6,123672,20612,36800,0.560108696
2010,Utah,Utah2010,6,272754,45459,45017,1.009818513
2010,Utah State,Utah State2010,6,107265,17878,25513,0.700740799
2010,UTEP,UTEP2010,6,176097,29350,51500,0.569902913
2010,Vanderbilt,Vanderbilt2010,7,232885,33269,40550,0.820443896
2010,Virginia,Virginia2010,7,318212,45459,61500,0.739170732
2010,Virginia Tech,Virginia Tech2010,7,463631,66233,66233,1
2010,Wake Forest,Wake Forest2010,6,182843,30474,31500,0.967428571
2010,Washington,Washington2010,6,397581,66264,70138,0.944766033
2010,Washington State,Washington State2010,6,147194,24532,35117,0.698579036
2010,West Virginia,West Virginia2010,7,394274,56325,60000,0.93875
2010,Western Kentucky,Western Kentucky2010,5,72884,14577,22113,0.659204993
2010,Western Michigan,Western Michigan2010,6,85528,14255,30200,0.472019868
2010,Wisconsin,Wisconsin2010,7,559035,79862,80321,0.99428543
2010,Wyoming,Wyoming2010,6,124747,20791,29181,0.712484151
2009,Air Force,Air Force2009,6,213937,35656,52237,0.682581312
2009,Akron,Akron2009,6,104293,17382,30000,0.5794
2009,Alabama,Alabama2009,7,644084,92012,101821,0.903664274
2009,Arizona,Arizona2009,6,315330,52555,56037,0.937862484
2009,Arizona State,Arizona State2009,7,339890,48556,56232,0.863494096
2009,Arkansas,Arkansas2009,7,455783,65112,72000,0.904333333
2009,Arkansas State,Arkansas State2009,5,88445,17689,30964,0.571276321
2009,Army,Army2009,6,167984,27997,38000,0.736763158
2009,Auburn,Auburn2009,8,676911,84614,87451,0.967558976
2009,Ball State,Ball State2009,6,65327,10888,22500,0.483911111
2009,Baylor,Baylor2009,6,217837,36306,45140,0.80429774
2009,Boise State,Boise State2009,7,229472,32782,37000,0.886
2009,Boston College,Boston College2009,7,250009,35716,44500,0.802606742
2009,Bowling Green,Bowling Green2009,6,84261,14044,23724,0.591974372
2009,Buffalo,Buffalo2009,6,95758,15960,29013,0.550098232
2009,Brigham Young,Brigham Young2009,6,385416,64236,63725,1.008018831
2009,California,California2009,6,356830,59472,62717,0.948259643
2009,Central Michigan,Central Michigan2009,5,98508,19702,30255,0.651198149
2009,Cincinnati,Cincinnati2009,6,203741,33957,40000,0.848925
2009,Clemson,Clemson2009,7,530553,75793,81500,0.92997546
2009,Colorado,Colorado2009,6,300527,50088,53750,0.931869767
2009,Colorado State,Colorado State2009,6,141856,23643,41200,0.573859223
2009,UConn,UConn2009,6,229376,38229,40000,0.955725
2009,Duke,Duke2009,6,157881,26314,40004,0.657784222
2009,East Carolina,East Carolina2009,7,292191,41742,50000,0.83484
2009,Eastern Michigan,Eastern Michigan2009,5,25080,5016,30200,0.166092715
2009,FIU,FIU2009,5,51018,10204,23500,0.434212766
2009,Florida Atlantic,Florida Atlantic2009,5,76630,15326,30000,0.510866667
2009,Florida,Florida2009,7,634446,90635,88548,1.023569138
2009,Florida State,Florida State2009,6,446067,74345,82300,0.903341434
2009,Fresno State,Fresno State2009,5,167889,33578,41031,0.818356852
2009,Georgia,Georgia2009,6,556476,92746,92746,1
2009,Georgia Tech,Georgia Tech2009,6,309501,51584,55000,0.937890909
2009,Hawaii,Hawaii2009,7,257074,36725,50000,0.7345
2009,Houston,Houston2009,6,151450,25242,40000,0.63105
2009,Idaho,Idaho2009,6,75273,12546,16000,0.784125
2009,Illinois,Illinois2009,6,357267,59545,60670,0.981457063
2009,Indiana,Indiana2009,6,250997,41833,52959,0.789912952
2009,Iowa,Iowa2009,7,491499,70214,70585,0.994743926
2009,Iowa State,Iowa State2009,6,277453,46242,61000,0.758065574
2009,Kansas,Kansas2009,6,303488,50581,50071,1.010185537
2009,Kansas State,Kansas State2009,6,280579,46763,50000,0.93526
2009,Kent State,Kent State2009,6,93072,15512,25319,0.612662427
2009,Kentucky,Kentucky2009,7,487156,69594,61000,1.140885246
2009,Louisiana,Louisiana2009,6,111998,18666,31000,0.602129032
2009,Louisiana-Monroe,Louisiana-Monroe2009,5,69443,13889,30427,0.456469583
2009,Louisiana Tech,Louisiana Tech2009,5,100000,20000,30600,0.653594771
2009,Louisville,Louisville2009,6,194702,32450,55000,0.59
2009,LSU,LSU2009,7,647420,92489,100500,0.920288557
2009,Marshall,Marshall2009,6,133415,22236,38019,0.584865462
2009,Maryland,Maryland2009,7,311163,44452,54000,0.823185185
2009,Memphis,Memphis2009,6,154769,25795,62380,0.413513947
2009,Miami (FL),Miami (FL)2009,6,285306,47551,65236,0.728907352
2009,Miami (OH),Miami (OH)2009,5,59052,11810,24286,0.486288397
2009,Michigan,Michigan2009,8,871464,108933,107601,1.012379067
2009,Michigan State,Michigan State2009,7,523186,74741,75005,0.996480235
2009,Middle Tennessee,Middle Tennessee2009,6,123104,20517,31000,0.66183871
2009,Minnesota,Minnesota2009,7,355635,50805,50805,1
2009,Ole Miss,Ole Miss2009,7,390368,55767,58580,0.951980198
2009,Mississippi State,Mississippi State2009,7,376544,53792,64038,0.840001249
2009,Missouri,Missouri2009,6,384719,64120,71004,0.903047716
2009,Navy,Navy2009,6,190366,31728,34000,0.933176471
2009,Nebraska,Nebraska2009,7,601216,85888,92000,0.933565217
2009,Nevada,Nevada2009,6,104999,17500,29993,0.583469476
2009,New Mexico,New Mexico2009,6,161661,26944,39224,0.686926372
2009,New Mexico State,New Mexico State2009,6,99064,16511,30343,0.544145272
2009,North Carolina,North Carolina2009,7,396250,56607,62980,0.898809146
2009,NC State,NC State2009,8,451377,56422,57583,0.979837799
2009,North Texas,North Texas2009,6,109367,18228,30850,0.590858995
2009,Northern Illinois,Northern Illinois2009,6,89335,14889,24000,0.620375
2009,Northwestern,Northwestern2009,7,169332,24190,47130,0.513261192
2009,Notre Dame,Notre Dame2009,7,565565,80795,77622,1.040877586
2009,Ohio,Ohio2009,6,107682,17947,24000,0.747791667
2009,Ohio State,Ohio State2009,7,736830,105261,104944,1.003020659
2009,Oklahoma,Oklahoma2009,6,508670,84778,84000,1.009261905
2009,Oklahoma State,Oklahoma State2009,8,429750,53719,60218,0.892075459
2009,Oregon,Oregon2009,7,409806,58544,54000,1.084148148
2009,Oregon State,Oregon State2009,6,253969,42328,45674,0.926741691
2009,Penn State,Penn State2009,8,856066,107008,106572,1.004091131
2009,Pittsburgh,Pittsburgh2009,7,374119,53446,65500,0.815969466
2009,Purdue,Purdue2009,7,353197,50457,62500,0.807312
2009,Rice,Rice2009,6,81309,13552,47000,0.288340426
2009,Rutgers,Rutgers2009,7,343788,49113,52454,0.936306097
2009,San Diego State,San Diego State2009,6,146785,24464,70561,0.346707104
2009,San Jose State,San Jose State2009,6,92062,15344,30456,0.503808773
2009,SMU,SMU2009,6,128085,21348,32000,0.667125
2009,South Carolina,South Carolina2009,7,527580,75369,80250,0.93917757
2009,South Florida,South Florida2009,6,315319,52553,65857,0.797986547
2009,USC,USC2009,6,508796,84799,93607,0.905904473
2009,Southern Mississippi,Southern Mississippi2009,6,184178,30696,36000,0.852666667
2009,Stanford,Stanford2009,7,290049,41436,50000,0.82872
2009,Syracuse,Syracuse2009,8,312343,39043,49250,0.792751269
2009,TCU,TCU2009,6,229121,38187,45000,0.8486
2009,Temple,Temple2009,6,104276,17379,68532,0.253589564
2009,Tennessee,Tennessee2009,8,793760,99220,102521,0.967801719
2009,Texas,Texas2009,6,607049,101175,100119,1.010547449
2009,Texas A&M,Texas A&M2009,7,537602,76800,102733,0.747568941
2009,Texas Tech,Texas Tech2009,7,351742,50249,60862,0.825621899
2009,Toledo,Toledo2009,5,81424,16285,26248,0.620428223
2009,Troy,Troy2009,5,92066,18413,30000,0.613766667
2009,Tulane,Tulane2009,6,150884,25147,30000,0.838233333
2009,Tulsa,Tulsa2009,6,135010,22502,35542,0.633110123
2009,UAB,UAB2009,5,89933,17987,71594,0.251236137
2009,UCF,UCF2009,7,266543,38078,45323,0.840147387
2009,UCLA,UCLA2009,6,387283,64547,89702,0.71957147
2009,UNLV,UNLV2009,7,159423,22775,36800,0.61888587
2009,Utah,Utah2009,6,270929,45155,45017,1.003065509
2009,Utah State,Utah State2009,5,79857,15971,25513,0.625994591
2009,UTEP,UTEP2009,6,174058,29010,51500,0.563300971
2009,Vanderbilt,Vanderbilt2009,6,210092,35015,40550,0.86350185
2009,Virginia,Virginia2009,7,335902,47986,61500,0.780260163
2009,Virginia Tech,Virginia Tech2009,6,397398,66233,66233,1
2009,Wake Forest,Wake Forest2009,7,222537,31791,31500,1.009238095
2009,Washington,Washington2009,7,450491,64356,70138,0.91756252
2009,Washington State,Washington State2009,6,155455,25909,35117,0.737790814
2009,West Virginia,West Virginia2009,7,401216,57317,60000,0.955283333
2009,Western Kentucky,Western Kentucky2009,6,84616,14103,22113,0.637769638
2009,Western Michigan,Western Michigan2009,5,101652,20330,30200,0.673178808
2009,Wisconsin,Wisconsin2009,7,560764,80109,80321,0.997360591
2009,Wyoming,Wyoming2009,6,116963,19494,29181,0.668037422
2008,Air Force,Air Force2008,6,228801,38134,52237,0.730018952
2008,Akron,Akron2008,5,71709,14342,30000,0.478066667
2008,Alabama,Alabama2008,7,644966,92138,101821,0.904901739
2008,Arizona,Arizona2008,7,446856,63837,56037,1.139193747
2008,Arizona State,Arizona State2008,7,367080,52440,56232,0.932565087
2008,Arkansas,Arkansas2008,6,412438,68740,72000,0.954722222
2008,Arkansas State,Arkansas State2008,5,105525,21105,30964,0.681597985
2008,Army,Army2008,6,166512,27752,38000,0.730315789
2008,Auburn,Auburn2008,7,608402,86915,87451,0.993870853
2008,Ball State,Ball State2008,6,115204,19201,22500,0.853377778
2008,Baylor,Baylor2008,7,238870,34124,45140,0.755959238
2008,Boise State,Boise State2008,6,193649,32275,37000,0.872297297
2008,Boston College,Boston College2008,7,287258,41037,44500,0.922179775
2008,Bowling Green,Bowling Green2008,5,78507,15701,23724,0.661819255
2008,Buffalo,Buffalo2008,6,101545,16924,29013,0.583324717
2008,Brigham Young,Brigham Young2008,6,384613,64102,63725,1.005916046
2008,California,California2008,7,431437,61634,62717,0.982731955
2008,Central Michigan,Central Michigan2008,5,113294,22659,30255,0.74893406
2008,Cincinnati,Cincinnati2008,6,191788,31965,40000,0.799125
2008,Clemson,Clemson2008,7,546004,78001,81500,0.957067485
2008,Colorado,Colorado2008,6,296858,49476,53750,0.920483721
2008,Colorado State,Colorado State2008,6,126046,21008,41200,0.509902913
2008,UConn,UConn2008,6,235988,39331,40000,0.983275
2008,Duke,Duke2008,7,201091,28727,40004,0.71810319
2008,East Carolina,East Carolina2008,5,210080,42016,50000,0.84032
2008,Eastern Michigan,Eastern Michigan2008,5,94756,18951,30200,0.627516556
2008,FIU,FIU2008,5,69261,13852,23500,0.589446809
2008,Florida Atlantic,Florida Atlantic2008,5,80628,16126,30000,0.537533333
2008,Florida,Florida2008,7,633807,90544,88548,1.022541446
2008,Florida State,Florida State2008,7,545773,77968,82300,0.947363305
2008,Fresno State,Fresno State2008,5,189318,37864,41031,0.922814457
2008,Georgia,Georgia2008,6,556476,92746,92746,1
2008,Georgia Tech,Georgia Tech2008,7,332420,47489,55000,0.863436364
2008,Hawaii,Hawaii2008,8,328081,41010,50000,0.8202
2008,Houston,Houston2008,5,107592,21518,40000,0.53795
2008,Idaho,Idaho2008,6,92041,15340,16000,0.95875
2008,Illinois,Illinois2008,6,370243,61707,60670,1.017092467
2008,Indiana,Indiana2008,8,254255,31782,52959,0.600124625
2008,Iowa,Iowa2008,7,491186,70169,70585,0.994106397
2008,Iowa State,Iowa State2008,6,284571,47429,61000,0.77752459
2008,Kansas,Kansas2008,7,356351,50907,50071,1.016696291
2008,Kansas State,Kansas State2008,7,316327,45190,50000,0.9038
2008,Kent State,Kent State2008,6,63831,10639,25319,0.42019827
2008,Kentucky,Kentucky2008,7,486038,69434,61000,1.138262295
2008,Louisiana,Louisiana2008,5,107342,21468,31000,0.692516129
2008,Louisiana-Monroe,Louisiana-Monroe2008,6,117116,19519,30427,0.641502613
2008,Louisiana Tech,Louisiana Tech2008,6,108121,18020,30600,0.588888889
2008,Louisville,Louisville2008,8,317442,39680,55000,0.721454545
2008,LSU,LSU2008,8,739065,92383,100500,0.919233831
2008,Marshall,Marshall2008,6,148593,24766,38019,0.651411137
2008,Maryland,Maryland2008,7,335677,47954,54000,0.888037037
2008,Memphis,Memphis2008,7,175024,25003,62380,0.40081757
2008,Miami (FL),Miami (FL)2008,6,277792,46299,65236,0.709715495
2008,Miami (OH),Miami (OH)2008,6,92611,15435,24286,0.635551346
2008,Michigan,Michigan2008,7,759997,108571,107601,1.009014786
2008,Michigan State,Michigan State2008,7,524005,74858,75005,0.998040131
2008,Middle Tennessee,Middle Tennessee2008,5,101135,20227,31000,0.652483871
2008,Minnesota,Minnesota2008,7,342705,48958,50805,0.963645311
2008,Ole Miss,Ole Miss2008,7,371036,53005,58580,0.904831
2008,Mississippi State,Mississippi State2008,6,260716,43453,64038,0.678550236
2008,Missouri,Missouri2008,6,387120,64520,71004,0.908681201
2008,Navy,Navy2008,6,244809,40802,34000,1.200058824
2008,Nebraska,Nebraska2008,8,680564,85071,92000,0.924684783
2008,Nevada,Nevada2008,6,114259,19043,29993,0.634914813
2008,New Mexico,New Mexico2008,6,178275,29713,39224,0.757520906
2008,New Mexico State,New Mexico State2008,6,106533,17756,30343,0.585176153
2008,North Carolina,North Carolina2008,7,404800,57829,62980,0.918212131
2008,NC State,NC State2008,7,396658,56665,57583,0.984057795
2008,North Texas,North Texas2008,5,84778,16956,30850,0.549627229
2008,Northern Illinois,Northern Illinois2008,6,109110,18185,24000,0.757708333
2008,Northwestern,Northwestern2008,7,200132,28590,47130,0.606619987
2008,Notre Dame,Notre Dame2008,6,484770,80795,77622,1.040877586
2008,Ohio,Ohio2008,7,734830,104976,24000,4.374
2008,Ohio State,Ohio State2008,5,76380,15276,104944,0.145563348
2008,Oklahoma,Oklahoma2008,6,510448,85075,84000,1.012797619
2008,Oklahoma State,Oklahoma State2008,7,337828,48261,60218,0.801438108
2008,Oregon,Oregon2008,6,350661,58444,54000,1.082296296
2008,Oregon State,Oregon State2008,6,269584,44931,45674,0.983732539
2008,Penn State,Penn State2008,7,757775,108254,106572,1.015782757
2008,Pittsburgh,Pittsburgh2008,6,296113,49352,65500,0.753465649
2008,Purdue,Purdue2008,7,396915,56702,62500,0.907232
2008,Rice,Rice2008,6,121074,20179,47000,0.429340426
2008,Rutgers,Rutgers2008,7,296643,42378,52454,0.807907881
2008,San Diego State,San Diego State2008,6,146255,24376,70561,0.345459957
2008,San Jose State,San Jose State2008,6,125714,20952,30456,0.687943262
2008,SMU,SMU2008,6,118681,19780,32000,0.618125
2008,South Carolina,South Carolina2008,7,563703,80529,80250,1.003476636
2008,South Florida,South Florida2008,6,298142,49690,65857,0.754513567
2008,USC,USC2008,6,520756,86793,93607,0.927206299
2008,Southern Mississippi,Southern Mississippi2008,6,180609,30102,36000,0.836166667
2008,Stanford,Stanford2008,5,171292,34258,50000,0.68516
2008,Syracuse,Syracuse2008,6,200844,33474,49250,0.679675127
2008,TCU,TCU2008,6,182331,30389,45000,0.675311111
2008,Temple,Temple2008,5,77909,15582,68532,0.227368237
2008,Tennessee,Tennessee2008,7,710136,101448,102521,0.989533852
2008,Texas,Texas2008,7,686324,98046,100119,0.979294639
2008,Texas A&M,Texas A&M2008,7,575351,82193,102733,0.800064244
2008,Texas Tech,Texas Tech2008,7,375375,53625,60862,0.88109165
2008,Toledo,Toledo2008,6,102046,17008,26248,0.647973179
2008,Troy,Troy2008,5,96157,19231,30000,0.641033333
2008,Tulane,Tulane2008,6,136500,22750,30000,0.758333333
2008,Tulsa,Tulsa2008,7,170576,24368,35542,0.685611389
2008,UAB,UAB2008,5,95308,19062,71594,0.266251362
2008,UCF,UCF2008,6,237576,39596,45323,0.873640315
2008,UCLA,UCLA2008,7,509563,72795,89702,0.811520367
2008,UNLV,UNLV2008,7,145944,20849,36800,0.566548913
2008,Utah,Utah2008,6,273250,45542,45017,1.011662261
2008,Utah State,Utah State2008,6,88418,14736,25513,0.577587896
2008,UTEP,UTEP2008,6,223778,37296,51500,0.724194175
2008,Vanderbilt,Vanderbilt2008,6,230761,38460,40550,0.948458693
2008,Virginia,Virginia2008,6,397398,66233,61500,1.07695935
2008,Virginia Tech,Virginia Tech2008,7,376708,53815,66233,0.81251038
2008,Wake Forest,Wake Forest2008,7,221662,31666,31500,1.005269841
2008,Washington,Washington2008,7,445479,63640,70138,0.907354073
2008,Washington State,Washington State2008,7,215030,30719,35117,0.874761512
2008,West Virginia,West Virginia2008,7,406593,58085,60000,0.968083333
2008,Western Kentucky,Western Kentucky2008,,,,22113,0
2008,Western Michigan,Western Michigan2008,6,111281,18547,30200,0.614139073
2008,Wisconsin,Wisconsin2008,7,567616,81088,80321,1.009549184
2008,Wyoming,Wyoming2008,7,127636,18234,29181,0.624858641
